,true_test_price,pred_from_gen,pred_shift-4,pred_shift-3,pred_shift-2,pred_shift-1,pred_shift0,pred_shift1,pred_shift2,pred_shift3,true_train_price
2018-07-30 09:30:00,,,,,,,,,,,111.25
2018-07-30 10:30:00,,,,,,,,,,,111.82
2018-07-30 11:30:00,,,,,,,,,,,111.73999999999998
2018-07-30 12:30:00,,,,,,,,,,,111.73999999999998
2018-07-30 13:30:00,,,,,,,,,,,111.73999999999998
2018-07-30 14:30:00,,,,,,,,,,,111.72999999999999
2018-07-30 15:30:00,,,,,,,,,,,111.44
2018-07-31 09:30:00,,,,,,,,,,,111.86
2018-07-31 10:30:00,,,,,,,,,,,111.76
2018-07-31 11:30:00,,,,,,,,,,,111.81
2018-07-31 12:30:00,,,,,,,,,,,111.98000000000002
2018-07-31 13:30:00,,,,,,,,,,,112.0
2018-07-31 14:30:00,,,,,,,,,,,111.86
2018-07-31 15:30:00,,,,,,,,,,,111.8
2018-08-01 09:30:00,,,,,,,,,,,111.67000000000002
2018-08-01 10:30:00,,,,,,,,,,,111.71
2018-08-01 11:30:00,,,,,,,,,,,111.41
2018-08-01 12:30:00,,,,,,,,,,,111.09
2018-08-01 13:30:00,,,,,,,,,,,111.16000000000001
2018-08-01 14:30:00,,,,,,,,,,,111.19
2018-08-01 15:30:00,,,,,,,,,,,111.27000000000001
2018-08-02 09:30:00,,,,,,,,,,,110.49000000000001
2018-08-02 10:30:00,,,,,,,,,,,110.85
2018-08-02 11:30:00,,,,,,,,,,,110.81999999999998
2018-08-02 12:30:00,,,,,,,,,,,111.11000000000001
2018-08-02 13:30:00,,,,,,,,,,,111.17
2018-08-02 14:30:00,,,,,,,,,,,111.21
2018-08-02 15:30:00,,,,,,,,,,,111.23
2018-08-03 09:30:00,,,,,,,,,,,111.29
2018-08-03 10:30:00,,,,,,,,,,,111.71
2018-08-03 11:30:00,,,,,,,,,,,111.66
2018-08-03 12:30:00,,,,,,,,,,,111.77999999999999
2018-08-03 13:30:00,,,,,,,,,,,111.85
2018-08-03 14:30:00,,,,,,,,,,,111.88
2018-08-03 15:30:00,,,,,,,,,,,111.92
2018-08-06 09:30:00,,,,,,,,,,,111.92999999999999
2018-08-06 10:30:00,,,,,,,,,,,112.04999999999998
2018-08-06 11:30:00,,,,,,,,,,,112.22
2018-08-06 12:30:00,,,,,,,,,,,112.48
2018-08-06 13:30:00,,,,,,,,,,,112.35000000000001
2018-08-06 14:30:00,,,,,,,,,,,112.35000000000001
2018-08-06 15:30:00,,,,,,,,,,,112.28
2018-08-07 09:30:00,,,,,,,,,,,112.44
2018-08-07 10:30:00,,,,,,,,,,,112.64
2018-08-07 11:30:00,,,,,,,,,,,112.74
2018-08-07 12:30:00,,,,,,,,,,,112.78
2018-08-07 13:30:00,,,,,,,,,,,112.78
2018-08-07 14:30:00,,,,,,,,,,,112.75999999999999
2018-08-07 15:30:00,,,,,,,,,,,112.75999999999999
2018-08-08 09:30:00,,,,,,,,,,,112.50000000000001
2018-08-08 10:30:00,,,,,,,,,,,112.36
2018-08-08 11:30:00,,,,,,,,,,,112.49
2018-08-08 12:30:00,,,,,,,,,,,112.49
2018-08-08 13:30:00,,,,,,,,,,,112.42
2018-08-08 14:30:00,,,,,,,,,,,112.52
2018-08-08 15:30:00,,,,,,,,,,,112.55999999999999
2018-08-09 09:30:00,,,,,,,,,,,112.38
2018-08-09 10:30:00,,,,,,,,,,,112.38
2018-08-09 11:30:00,,,,,,,,,,,112.38
2018-08-09 12:30:00,,,,,,,,,,,112.2
2018-08-09 13:30:00,,,,,,,,,,,112.28
2018-08-09 14:30:00,,,,,,,,,,,112.24999999999999
2018-08-09 15:30:00,,,,,,,,,,,112.26
2018-08-10 09:30:00,,,,,,,,,,,111.43
2018-08-10 10:30:00,,,,,,,,,,,111.34
2018-08-10 11:30:00,,,,,,,,,,,111.59
2018-08-10 12:30:00,,,,,,,,,,,111.57
2018-08-10 13:30:00,,,,,,,,,,,111.44
2018-08-10 14:30:00,,,,,,,,,,,111.18
2018-08-10 15:30:00,,,,,,,,,,,111.47000000000001
2018-08-13 09:30:00,,,,,,,,,,,111.45
2018-08-13 10:30:00,,,,,,,,,,,111.44
2018-08-13 11:30:00,,,,,,,,,,,111.16000000000001
2018-08-13 12:30:00,,,,,,,,,,,110.81
2018-08-13 13:30:00,,,,,,,,,,,110.96000000000001
2018-08-13 14:30:00,,,,,,,,,,,111.1
2018-08-13 15:30:00,,,,,,,,,,,110.87
2018-08-14 09:30:00,,,,,,,,,,,111.06999999999998
2018-08-14 10:30:00,,,,,,,,,,,111.41
2018-08-14 11:30:00,,,,,,,,,,,111.51000000000002
2018-08-14 12:30:00,,,,,,,,,,,111.52000000000001
2018-08-14 13:30:00,,,,,,,,,,,111.52999999999999
2018-08-14 14:30:00,,,,,,,,,,,111.57
2018-08-14 15:30:00,,,,,,,,,,,111.57
2018-08-15 09:30:00,,,,,,,,,,,110.97
2018-08-15 10:30:00,,,,,,,,,,,110.41
2018-08-15 11:30:00,,,,,,,,,,,110.57
2018-08-15 12:30:00,,,,,,,,,,,110.74
2018-08-15 13:30:00,,,,,,,,,,,110.64000000000001
2018-08-15 14:30:00,,,,,,,,,,,110.37
2018-08-15 15:30:00,,,,,,,,,,,110.68000000000002
2018-08-16 09:30:00,,,,,,,,,,,111.34
2018-08-16 10:30:00,,,,,,,,,,,111.65
2018-08-16 11:30:00,,,,,,,,,,,112.0
2018-08-16 12:30:00,,,,,,,,,,,112.12
2018-08-16 13:30:00,,,,,,,,,,,112.09999999999998
2018-08-16 14:30:00,,,,,,,,,,,112.02
2018-08-16 15:30:00,,,,,,,,,,,112.13
2018-08-17 09:30:00,,,,,,,,,,,111.96
2018-08-17 10:30:00,,,,,,,,,,,112.16
2018-08-17 11:30:00,,,,,,,,,,,112.33
2018-08-17 12:30:00,,,,,,,,,,,112.39000000000001
2018-08-17 13:30:00,,,,,,,,,,,112.30000000000001
2018-08-17 14:30:00,,,,,,,,,,,112.68
2018-08-17 15:30:00,,,,,,,,,,,112.62
2018-08-20 09:30:00,,,,,,,,,,,112.67
2018-08-20 10:30:00,,,,,,,,,,,112.67
2018-08-20 11:30:00,,,,,,,,,,,112.94
2018-08-20 12:30:00,,,,,,,,,,,113.07000000000001
2018-08-20 13:30:00,,,,,,,,,,,113.03
2018-08-20 14:30:00,,,,,,,,,,,113.01000000000002
2018-08-20 15:30:00,,,,,,,,,,,113.07000000000001
2018-08-21 09:30:00,,,,,,,,,,,113.17000000000002
2018-08-21 10:30:00,,,,,,,,,,,113.17000000000002
2018-08-21 11:30:00,,,,,,,,,,,113.38000000000001
2018-08-21 12:30:00,,,,,,,,,,,113.57
2018-08-21 13:30:00,,,,,,,,,,,113.61
2018-08-21 14:30:00,,,,,,,,,,,113.51
2018-08-21 15:30:00,,,,,,,,,,,113.48999999999998
2018-08-22 09:30:00,,,,,,,,,,,113.14
2018-08-22 10:30:00,,,,,,,,,,,112.96999999999998
2018-08-22 11:30:00,,,,,,,,,,,113.25
2018-08-22 12:30:00,,,,,,,,,,,113.15
2018-08-22 13:30:00,,,,,,,,,,,113.14
2018-08-22 14:30:00,,,,,,,,,,,113.0
2018-08-22 15:30:00,,,,,,,,,,,113.02000000000001
2018-08-23 09:30:00,,,,,,,,,,,112.71999999999998
2018-08-23 10:30:00,,,,,,,,,,,112.96999999999998
2018-08-23 11:30:00,,,,,,,,,,,112.66000000000001
2018-08-23 12:30:00,,,,,,,,,,,112.71000000000001
2018-08-23 13:30:00,,,,,,,,,,,112.63
2018-08-23 14:30:00,,,,,,,,,,,112.63
2018-08-23 15:30:00,,,,,,,,,,,112.67
2018-08-24 09:30:00,,,,,,,,,,,112.90000000000002
2018-08-24 10:30:00,,,,,,,,,,,112.90000000000002
2018-08-24 11:30:00,,,,,,,,,,,112.90000000000002
2018-08-24 12:30:00,,,,,,,,,,,113.25
2018-08-24 13:30:00,,,,,,,,,,,113.15
2018-08-24 14:30:00,,,,,,,,,,,113.14
2018-08-24 15:30:00,,,,,,,,,,,113.11
2018-08-27 09:30:00,,,,,,,,,,,113.48999999999998
2018-08-27 10:30:00,,,,,,,,,,,113.89000000000001
2018-08-27 11:30:00,,,,,,,,,,,113.89000000000001
2018-08-27 12:30:00,,,,,,,,,,,113.97
2018-08-27 13:30:00,,,,,,,,,,,113.92
2018-08-27 14:30:00,,,,,,,,,,,113.97
2018-08-27 15:30:00,,,,,,,,,,,113.89000000000001
2018-08-28 09:30:00,,,,,,,,,,,113.99999999999999
2018-08-28 10:30:00,,,,,,,,,,,113.95999999999998
2018-08-28 11:30:00,,,,,,,,,,,113.99
2018-08-28 12:30:00,,,,,,,,,,,113.77
2018-08-28 13:30:00,,,,,,,,,,,113.76
2018-08-28 14:30:00,,,,,,,,,,,113.89000000000001
2018-08-28 15:30:00,,,,,,,,,,,113.78
2018-08-29 09:30:00,,,,,,,,,,,113.87
2018-08-29 10:30:00,,,,,,,,,,,113.86
2018-08-29 11:30:00,,,,,,,,,,,114.18
2018-08-29 12:30:00,,,,,,,,,,,114.18
2018-08-29 13:30:00,,,,,,,,,,,114.18
2018-08-29 14:30:00,,,,,,,,,,,114.06
2018-08-29 15:30:00,,,,,,,,,,,114.18
2018-08-30 09:30:00,,,,,,,,,,,113.72
2018-08-30 10:30:00,,,,,,,,,,,113.72
2018-08-30 11:30:00,,,,,,,,,,,113.72
2018-08-30 12:30:00,,,,,,,,,,,113.52
2018-08-30 13:30:00,,,,,,,,,,,113.61
2018-08-30 14:30:00,,,,,,,,,,,113.37000000000002
2018-08-30 15:30:00,,,,,,,,,,,113.36
2018-08-31 09:30:00,,,,,,,,,,,113.11
2018-08-31 10:30:00,,,,,,,,,,,113.34
2018-08-31 11:30:00,,,,,,,,,,,113.11
2018-08-31 12:30:00,,,,,,,,,,,112.95
2018-08-31 13:30:00,,,,,,,,,,,112.99
2018-08-31 14:30:00,,,,,,,,,,,112.98
2018-08-31 15:30:00,,,,,,,,,,,113.07999999999998
2018-09-03 09:30:00,,,,,,,,,,,113.07999999999998
2018-09-03 10:30:00,,,,,,,,,,,113.07999999999998
2018-09-03 11:30:00,,,,,,,,,,,113.07999999999998
2018-09-03 12:30:00,,,,,,,,,,,113.07999999999998
2018-09-03 13:30:00,,,,,,,,,,,113.07999999999998
2018-09-03 14:30:00,,,,,,,,,,,113.07999999999998
2018-09-03 15:30:00,,,,,,,,,,,113.07999999999998
2018-09-04 09:30:00,,,,,,,,,,,113.09
2018-09-04 10:30:00,,,,,,,,,,,113.19
2018-09-04 11:30:00,,,,,,,,,,,112.98
2018-09-04 12:30:00,,,,,,,,,,,112.85
2018-09-04 13:30:00,,,,,,,,,,,113.01000000000002
2018-09-04 14:30:00,,,,,,,,,,,113.11999999999999
2018-09-04 15:30:00,,,,,,,,,,,113.05
2018-09-05 09:30:00,,,,,,,,,,,112.76999999999998
2018-09-05 10:30:00,,,,,,,,,,,113.15
2018-09-05 11:30:00,,,,,,,,,,,113.22000000000001
2018-09-05 12:30:00,,,,,,,,,,,113.5
2018-09-05 13:30:00,,,,,,,,,,,113.53000000000002
2018-09-05 14:30:00,,,,,,,,,,,113.53000000000002
2018-09-05 15:30:00,,,,,,,,,,,113.63
2018-09-06 09:30:00,,,,,,,,,,,113.42999999999999
2018-09-06 10:30:00,,,,,,,,,,,113.58999999999999
2018-09-06 11:30:00,,,,,,,,,,,113.22000000000001
2018-09-06 12:30:00,,,,,,,,,,,113.23
2018-09-06 13:30:00,,,,,,,,,,,113.11999999999999
2018-09-06 14:30:00,,,,,,,,,,,113.29
2018-09-06 15:30:00,,,,,,,,,,,113.45
2018-09-07 09:30:00,,,,,,,,,,,112.85
2018-09-07 10:30:00,,,,,,,,,,,112.85
2018-09-07 11:30:00,,,,,,,,,,,113.25
2018-09-07 12:30:00,,,,,,,,,,,112.91
2018-09-07 13:30:00,,,,,,,,,,,112.91
2018-09-07 14:30:00,,,,,,,,,,,113.06000000000002
2018-09-07 15:30:00,,,,,,,,,,,113.1
2018-09-10 09:30:00,,,,,,,,,,,113.38000000000001
2018-09-10 10:30:00,,,,,,,,,,,113.65
2018-09-10 11:30:00,,,,,,,,,,,113.59999999999998
2018-09-10 12:30:00,,,,,,,,,,,113.35
2018-09-10 13:30:00,,,,,,,,,,,113.4
2018-09-10 14:30:00,,,,,,,,,,,113.48999999999998
2018-09-10 15:30:00,,,,,,,,,,,113.4
2018-09-11 09:30:00,,,,,,,,,,,112.96
2018-09-11 10:30:00,,,,,,,,,,,113.2
2018-09-11 11:30:00,,,,,,,,,,,113.39
2018-09-11 12:30:00,,,,,,,,,,,113.39
2018-09-11 13:30:00,,,,,,,,,,,113.61
2018-09-11 14:30:00,,,,,,,,,,,113.54
2018-09-11 15:30:00,,,,,,,,,,,113.5
2018-09-12 09:30:00,,,,,,,,,,,113.42999999999999
2018-09-12 10:30:00,,,,,,,,,,,113.53000000000002
2018-09-12 11:30:00,,,,,,,,,,,113.85000000000001
2018-09-12 12:30:00,,,,,,,,,,,113.53000000000002
2018-09-12 13:30:00,,,,,,,,,,,113.58000000000001
2018-09-12 14:30:00,,,,,,,,,,,113.53000000000002
2018-09-12 15:30:00,,,,,,,,,,,113.69000000000001
2018-09-13 09:30:00,,,,,,,,,,,113.77
2018-09-13 10:30:00,,,,,,,,,,,113.83999999999999
2018-09-13 11:30:00,,,,,,,,,,,113.56
2018-09-13 12:30:00,,,,,,,,,,,113.81
2018-09-13 13:30:00,,,,,,,,,,,113.78
2018-09-13 14:30:00,,,,,,,,,,,113.79999999999998
2018-09-13 15:30:00,,,,,,,,,,,113.82
2018-09-14 09:30:00,,,,,,,,,,,113.71
2018-09-14 10:30:00,,,,,,,,,,,113.77
2018-09-14 11:30:00,,,,,,,,,,,113.95999999999998
2018-09-14 12:30:00,,,,,,,,,,,113.86
2018-09-14 13:30:00,,,,,,,,,,,113.81
2018-09-14 14:30:00,,,,,,,,,,,113.88
2018-09-14 15:30:00,,,,,,,,,,,113.94
2018-09-17 09:30:00,,,,,,,,,,,114.02
2018-09-17 10:30:00,,,,,,,,,,,114.20000000000002
2018-09-17 11:30:00,,,,,,,,,,,114.20000000000002
2018-09-17 12:30:00,,,,,,,,,,,114.09000000000002
2018-09-17 13:30:00,,,,,,,,,,,114.09000000000002
2018-09-17 14:30:00,,,,,,,,,,,114.01
2018-09-17 15:30:00,,,,,,,,,,,113.89000000000001
2018-09-18 09:30:00,,,,,,,,,,,114.19
2018-09-18 10:30:00,,,,,,,,,,,114.20000000000002
2018-09-18 11:30:00,,,,,,,,,,,114.35
2018-09-18 12:30:00,,,,,,,,,,,114.38
2018-09-18 13:30:00,,,,,,,,,,,114.44
2018-09-18 14:30:00,,,,,,,,,,,114.59
2018-09-18 15:30:00,,,,,,,,,,,114.55
2018-09-19 09:30:00,,,,,,,,,,,114.33
2018-09-19 10:30:00,,,,,,,,,,,114.96
2018-09-19 11:30:00,,,,,,,,,,,114.92000000000002
2018-09-19 12:30:00,,,,,,,,,,,115.02999999999999
2018-09-19 13:30:00,,,,,,,,,,,114.97999999999999
2018-09-19 14:30:00,,,,,,,,,,,114.97999999999999
2018-09-19 15:30:00,,,,,,,,,,,114.89
2018-09-20 09:30:00,,,,,,,,,,,115.32
2018-09-20 10:30:00,,,,,,,,,,,115.2
2018-09-20 11:30:00,,,,,,,,,,,115.36
2018-09-20 12:30:00,,,,,,,,,,,115.48000000000002
2018-09-20 13:30:00,,,,,,,,,,,115.48000000000002
2018-09-20 14:30:00,,,,,,,,,,,115.61
2018-09-20 15:30:00,,,,,,,,,,,115.61
2018-09-21 09:30:00,,,,,,,,,,,115.87
2018-09-21 10:30:00,,,,,,,,,,,115.84
2018-09-21 11:30:00,,,,,,,,,,,115.80000000000001
2018-09-21 12:30:00,,,,,,,,,,,115.81999999999998
2018-09-21 13:30:00,,,,,,,,,,,115.79000000000002
2018-09-21 14:30:00,,,,,,,,,,,115.80000000000001
2018-09-21 15:30:00,,,,,,,,,,,115.80000000000001
2018-09-24 09:30:00,,,,,,,,,,,115.63
2018-09-24 10:30:00,,,,,,,,,,,115.09
2018-09-24 11:30:00,,,,,,,,,,,114.98999999999998
2018-09-24 12:30:00,,,,,,,,,,,114.88000000000001
2018-09-24 13:30:00,,,,,,,,,,,114.74
2018-09-24 14:30:00,,,,,,,,,,,114.88000000000001
2018-09-24 15:30:00,,,,,,,,,,,114.9
2018-09-25 09:30:00,,,,,,,,,,,115.16
2018-09-25 10:30:00,,,,,,,,,,,114.97
2018-09-25 11:30:00,,,,,,,,,,,114.97
2018-09-25 12:30:00,,,,,,,,,,,114.89
2018-09-25 13:30:00,,,,,,,,,,,114.66999999999999
2018-09-25 14:30:00,,,,,,,,,,,114.61000000000001
2018-09-25 15:30:00,,,,,,,,,,,114.57000000000001
2018-09-26 09:30:00,,,,,,,,,,,114.41000000000001
2018-09-26 10:30:00,,,,,,,,,,,114.41000000000001
2018-09-26 11:30:00,,,,,,,,,,,114.41000000000001
2018-09-26 12:30:00,,,,,,,,,,,114.61999999999999
2018-09-26 13:30:00,,,,,,,,,,,114.61999999999999
2018-09-26 14:30:00,,,,,,,,,,,114.66999999999999
2018-09-26 15:30:00,,,,,,,,,,,114.38
2018-09-27 09:30:00,,,,,,,,,,,113.9
2018-09-27 10:30:00,,,,,,,,,,,114.18
2018-09-27 11:30:00,,,,,,,,,,,114.29000000000002
2018-09-27 12:30:00,,,,,,,,,,,114.44
2018-09-27 13:30:00,,,,,,,,,,,114.44
2018-09-27 14:30:00,,,,,,,,,,,114.13
2018-09-27 15:30:00,,,,,,,,,,,113.89000000000001
2018-09-28 09:30:00,,,,,,,,,,,113.48999999999998
2018-09-28 10:30:00,,,,,,,,,,,113.86
2018-09-28 11:30:00,,,,,,,,,,,113.98
2018-09-28 12:30:00,,,,,,,,,,,113.98
2018-09-28 13:30:00,,,,,,,,,,,113.95999999999998
2018-09-28 14:30:00,,,,,,,,,,,113.93000000000002
2018-09-28 15:30:00,,,,,,,,,,,113.74999999999999
2018-10-01 09:30:00,,,,,,,,,,,114.26999999999998
2018-10-01 10:30:00,,,,,,,,,,,114.54
2018-10-01 11:30:00,,,,,,,,,,,114.39
2018-10-01 12:30:00,,,,,,,,,,,114.26
2018-10-01 13:30:00,,,,,,,,,,,114.26
2018-10-01 14:30:00,,,,,,,,,,,114.33
2018-10-01 15:30:00,,,,,,,,,,,114.05000000000001
2018-10-02 09:30:00,,,,,,,,,,,114.15999999999998
2018-10-02 10:30:00,,,,,,,,,,,114.08
2018-10-02 11:30:00,,,,,,,,,,,114.18
2018-10-02 12:30:00,,,,,,,,,,,114.41000000000001
2018-10-02 13:30:00,,,,,,,,,,,114.46999999999998
2018-10-02 14:30:00,,,,,,,,,,,114.58
2018-10-02 15:30:00,,,,,,,,,,,114.39
2018-10-03 09:30:00,,,,,,,,,,,114.8
2018-10-03 10:30:00,,,,,,,,,,,114.82
2018-10-03 11:30:00,,,,,,,,,,,114.85
2018-10-03 12:30:00,,,,,,,,,,,114.95
2018-10-03 13:30:00,,,,,,,,,,,114.9
2018-10-03 14:30:00,,,,,,,,,,,114.86999999999999
2018-10-03 15:30:00,,,,,,,,,,,114.43
2018-10-04 09:30:00,,,,,,,,,,,114.35
2018-10-04 10:30:00,,,,,,,,,,,114.35
2018-10-04 11:30:00,,,,,,,,,,,114.44
2018-10-04 12:30:00,,,,,,,,,,,114.13
2018-10-04 13:30:00,,,,,,,,,,,113.98
2018-10-04 14:30:00,,,,,,,,,,,113.88
2018-10-04 15:30:00,,,,,,,,,,,114.28
2018-10-05 09:30:00,,,,,,,,,,,114.59
2018-10-05 10:30:00,,,,,,,,,,,114.61999999999999
2018-10-05 11:30:00,,,,,,,,,,,114.30999999999999
2018-10-05 12:30:00,,,,,,,,,,,113.95999999999998
2018-10-05 13:30:00,,,,,,,,,,,113.83999999999999
2018-10-05 14:30:00,,,,,,,,,,,113.99999999999999
2018-10-05 15:30:00,,,,,,,,,,,114.01
2018-10-08 09:30:00,,,,,,,,,,,113.87
2018-10-08 10:30:00,,,,,,,,,,,114.22
2018-10-08 11:30:00,,,,,,,,,,,114.21000000000001
2018-10-08 12:30:00,,,,,,,,,,,114.22
2018-10-08 13:30:00,,,,,,,,,,,114.21000000000001
2018-10-08 14:30:00,,,,,,,,,,,114.7
2018-10-08 15:30:00,,,,,,,,,,,114.76000000000002
2018-10-09 09:30:00,,,,,,,,,,,114.49
2018-10-09 10:30:00,,,,,,,,,,,114.61000000000001
2018-10-09 11:30:00,,,,,,,,,,,114.58
2018-10-09 12:30:00,,,,,,,,,,,114.54
2018-10-09 13:30:00,,,,,,,,,,,114.46
2018-10-09 14:30:00,,,,,,,,,,,114.59
2018-10-09 15:30:00,,,,,,,,,,,114.33
2018-10-10 09:30:00,,,,,,,,,,,114.38
2018-10-10 10:30:00,,,,,,,,,,,114.02
2018-10-10 11:30:00,,,,,,,,,,,113.58000000000001
2018-10-10 12:30:00,,,,,,,,,,,113.42000000000002
2018-10-10 13:30:00,,,,,,,,,,,113.35
2018-10-10 14:30:00,,,,,,,,,,,112.95
2018-10-10 15:30:00,,,,,,,,,,,112.51
2018-10-11 09:30:00,,,,,,,,,,,111.03
2018-10-11 10:30:00,,,,,,,,,,,110.77
2018-10-11 11:30:00,,,,,,,,,,,109.87999999999998
2018-10-11 12:30:00,,,,,,,,,,,110.56
2018-10-11 13:30:00,,,,,,,,,,,110.2
2018-10-11 14:30:00,,,,,,,,,,,109.46999999999998
2018-10-11 15:30:00,,,,,,,,,,,109.40000000000002
2018-10-12 09:30:00,,,,,,,,,,,109.57000000000001
2018-10-12 10:30:00,,,,,,,,,,,109.01
2018-10-12 11:30:00,,,,,,,,,,,109.18
2018-10-12 12:30:00,,,,,,,,,,,108.53000000000002
2018-10-12 13:30:00,,,,,,,,,,,108.27999999999999
2018-10-12 14:30:00,,,,,,,,,,,108.37000000000002
2018-10-12 15:30:00,,,,,,,,,,,109.12
2018-10-15 09:30:00,,,,,,,,,,,109.06
2018-10-15 10:30:00,,,,,,,,,,,109.35999999999999
2018-10-15 11:30:00,,,,,,,,,,,109.66999999999999
2018-10-15 12:30:00,,,,,,,,,,,109.30999999999999
2018-10-15 13:30:00,,,,,,,,,,,109.54
2018-10-15 14:30:00,,,,,,,,,,,109.45000000000002
2018-10-15 15:30:00,,,,,,,,,,,109.46999999999998
2018-10-16 09:30:00,,,,,,,,,,,109.46999999999998
2018-10-16 10:30:00,,,,,,,,,,,109.71
2018-10-16 11:30:00,,,,,,,,,,,110.2
2018-10-16 12:30:00,,,,,,,,,,,110.1
2018-10-16 13:30:00,,,,,,,,,,,110.38
2018-10-16 14:30:00,,,,,,,,,,,110.59000000000002
2018-10-16 15:30:00,,,,,,,,,,,110.36
2018-10-17 09:30:00,,,,,,,,,,,110.4
2018-10-17 10:30:00,,,,,,,,,,,110.17999999999999
2018-10-17 11:30:00,,,,,,,,,,,110.28000000000002
2018-10-17 12:30:00,,,,,,,,,,,110.94
2018-10-17 13:30:00,,,,,,,,,,,110.97
2018-10-17 14:30:00,,,,,,,,,,,110.68000000000002
2018-10-17 15:30:00,,,,,,,,,,,110.80000000000001
2018-10-18 09:30:00,,,,,,,,,,,110.44000000000001
2018-10-18 10:30:00,,,,,,,,,,,110.76
2018-10-18 11:30:00,,,,,,,,,,,110.53999999999999
2018-10-18 12:30:00,,,,,,,,,,,109.97000000000001
2018-10-18 13:30:00,,,,,,,,,,,109.64
2018-10-18 14:30:00,,,,,,,,,,,109.62999999999998
2018-10-18 15:30:00,,,,,,,,,,,109.66999999999999
2018-10-19 09:30:00,,,,,,,,,,,109.77000000000001
2018-10-19 10:30:00,,,,,,,,,,,110.47
2018-10-19 11:30:00,,,,,,,,,,,110.44000000000001
2018-10-19 12:30:00,,,,,,,,,,,110.17
2018-10-19 13:30:00,,,,,,,,,,,110.42
2018-10-19 14:30:00,,,,,,,,,,,110.04
2018-10-19 15:30:00,,,,,,,,,,,110.18999999999998
2018-10-22 09:30:00,,,,,,,,,,,110.16
2018-10-22 10:30:00,,,,,,,,,,,108.99
2018-10-22 11:30:00,,,,,,,,,,,109.27
2018-10-22 12:30:00,,,,,,,,,,,108.88
2018-10-22 13:30:00,,,,,,,,,,,108.99
2018-10-22 14:30:00,,,,,,,,,,,108.92
2018-10-22 15:30:00,,,,,,,,,,,109.03999999999999
2018-10-23 09:30:00,,,,,,,,,,,107.44999999999999
2018-10-23 10:30:00,,,,,,,,,,,106.91
2018-10-23 11:30:00,,,,,,,,,,,107.49
2018-10-23 12:30:00,,,,,,,,,,,107.48
2018-10-23 13:30:00,,,,,,,,,,,107.99
2018-10-23 14:30:00,,,,,,,,,,,108.22000000000001
2018-10-23 15:30:00,,,,,,,,,,,108.48999999999998
2018-10-24 09:30:00,,,,,,,,,,,108.00999999999999
2018-10-24 10:30:00,,,,,,,,,,,107.72
2018-10-24 11:30:00,,,,,,,,,,,107.03000000000002
2018-10-24 12:30:00,,,,,,,,,,,107.54000000000002
2018-10-24 13:30:00,,,,,,,,,,,107.05
2018-10-24 14:30:00,,,,,,,,,,,107.29999999999998
2018-10-24 15:30:00,,,,,,,,,,,106.26999999999998
2018-10-25 09:30:00,,,,,,,,,,,106.10999999999999
2018-10-25 10:30:00,,,,,,,,,,,106.41
2018-10-25 11:30:00,,,,,,,,,,,106.91
2018-10-25 12:30:00,,,,,,,,,,,106.43
2018-10-25 13:30:00,,,,,,,,,,,106.66
2018-10-25 14:30:00,,,,,,,,,,,107.02
2018-10-25 15:30:00,,,,,,,,,,,107.21
2018-10-26 09:30:00,,,,,,,,,,,105.68000000000002
2018-10-26 10:30:00,,,,,,,,,,,104.98
2018-10-26 11:30:00,,,,,,,,,,,105.45
2018-10-26 12:30:00,,,,,,,,,,,105.74999999999999
2018-10-26 13:30:00,,,,,,,,,,,105.73
2018-10-26 14:30:00,,,,,,,,,,,105.48000000000002
2018-10-26 15:30:00,,,,,,,,,,,105.17999999999999
2018-10-29 09:30:00,,,,,,,,,,,106.31000000000002
2018-10-29 10:30:00,,,,,,,,,,,107.18000000000002
2018-10-29 11:30:00,,,,,,,,,,,106.83000000000001
2018-10-29 12:30:00,,,,,,,,,,,106.44
2018-10-29 13:30:00,,,,,,,,,,,106.44
2018-10-29 14:30:00,,,,,,,,,,,106.01999999999998
2018-10-29 15:30:00,,,,,,,,,,,105.14
2018-10-30 09:30:00,,,,,,,,,,,105.67
2018-10-30 10:30:00,,,,,,,,,,,106.47000000000001
2018-10-30 11:30:00,,,,,,,,,,,106.37999999999998
2018-10-30 12:30:00,,,,,,,,,,,106.25999999999999
2018-10-30 13:30:00,,,,,,,,,,,105.98
2018-10-30 14:30:00,,,,,,,,,,,106.05999999999999
2018-10-30 15:30:00,,,,,,,,,,,106.97999999999999
2018-10-31 09:30:00,,,,,,,,,,,107.84
2018-10-31 10:30:00,,,,,,,,,,,108.04
2018-10-31 11:30:00,,,,,,,,,,,108.11
2018-10-31 12:30:00,,,,,,,,,,,107.96
2018-10-31 13:30:00,,,,,,,,,,,108.31
2018-10-31 14:30:00,,,,,,,,,,,108.48999999999998
2018-10-31 15:30:00,,,,,,,,,,,108.27999999999999
2018-11-01 09:30:00,,,,,,,,,,,107.86000000000001
2018-11-01 10:30:00,,,,,,,,,,,108.2
2018-11-01 11:30:00,,,,,,,,,,,108.39
2018-11-01 12:30:00,,,,,,,,,,,108.19
2018-11-01 13:30:00,,,,,,,,,,,108.32
2018-11-01 14:30:00,,,,,,,,,,,108.32
2018-11-01 15:30:00,,,,,,,,,,,108.31
2018-11-02 09:30:00,,,,,,,,,,,109.30000000000001
2018-11-02 10:30:00,,,,,,,,,,,108.9
2018-11-02 11:30:00,,,,,,,,,,,108.27000000000001
2018-11-02 12:30:00,,,,,,,,,,,108.04
2018-11-02 13:30:00,,,,,,,,,,,107.75999999999999
2018-11-02 14:30:00,,,,,,,,,,,108.07000000000001
2018-11-02 15:30:00,,,,,,,,,,,108.06000000000002
2018-11-05 09:30:00,,,,,,,,,,,108.67999999999999
2018-11-05 10:30:00,,,,,,,,,,,109.21000000000001
2018-11-05 11:30:00,,,,,,,,,,,109.28
2018-11-05 12:30:00,,,,,,,,,,,109.28
2018-11-05 13:30:00,,,,,,,,,,,109.28
2018-11-05 14:30:00,,,,,,,,,,,109.66
2018-11-05 15:30:00,,,,,,,,,,,109.50999999999999
2018-11-06 09:30:00,,,,,,,,,,,109.43
2018-11-06 10:30:00,,,,,,,,,,,109.6
2018-11-06 11:30:00,,,,,,,,,,,109.76000000000002
2018-11-06 12:30:00,,,,,,,,,,,109.82999999999998
2018-11-06 13:30:00,,,,,,,,,,,109.95
2018-11-06 14:30:00,,,,,,,,,,,109.73
2018-11-06 15:30:00,,,,,,,,,,,109.92000000000002
2018-11-07 09:30:00,,,,,,,,,,,110.89
2018-11-07 10:30:00,,,,,,,,,,,110.67
2018-11-07 11:30:00,,,,,,,,,,,110.74
2018-11-07 12:30:00,,,,,,,,,,,111.03
2018-11-07 13:30:00,,,,,,,,,,,111.24
2018-11-07 14:30:00,,,,,,,,,,,111.41999999999999
2018-11-07 15:30:00,,,,,,,,,,,111.71
2018-11-08 09:30:00,,,,,,,,,,,111.49
2018-11-08 10:30:00,,,,,,,,,,,111.61999999999999
2018-11-08 11:30:00,,,,,,,,,,,111.8
2018-11-08 12:30:00,,,,,,,,,,,111.88999999999999
2018-11-08 13:30:00,,,,,,,,,,,111.67000000000002
2018-11-08 14:30:00,,,,,,,,,,,111.41
2018-11-08 15:30:00,,,,,,,,,,,111.36999999999999
2018-11-09 09:30:00,,,,,,,,,,,111.08
2018-11-09 10:30:00,,,,,,,,,,,111.01999999999998
2018-11-09 11:30:00,,,,,,,,,,,111.05999999999999
2018-11-09 12:30:00,,,,,,,,,,,110.65
2018-11-09 13:30:00,,,,,,,,,,,110.67
2018-11-09 14:30:00,,,,,,,,,,,110.45
2018-11-09 15:30:00,,,,,,,,,,,111.15000000000002
2018-11-12 09:30:00,,,,,,,,,,,110.89
2018-11-12 10:30:00,,,,,,,,,,,110.60000000000001
2018-11-12 11:30:00,,,,,,,,,,,110.0
2018-11-12 12:30:00,,,,,,,,,,,110.05
2018-11-12 13:30:00,,,,,,,,,,,109.91
2018-11-12 14:30:00,,,,,,,,,,,110.12000000000002
2018-11-12 15:30:00,,,,,,,,,,,109.82
2018-11-13 09:30:00,,,,,,,,,,,109.62999999999998
2018-11-13 10:30:00,,,,,,,,,,,109.24
2018-11-13 11:30:00,,,,,,,,,,,110.04
2018-11-13 12:30:00,,,,,,,,,,,110.0
2018-11-13 13:30:00,,,,,,,,,,,109.5
2018-11-13 14:30:00,,,,,,,,,,,109.23
2018-11-13 15:30:00,,,,,,,,,,,109.18
2018-11-14 09:30:00,,,,,,,,,,,109.82999999999998
2018-11-14 10:30:00,,,,,,,,,,,109.64
2018-11-14 11:30:00,,,,,,,,,,,108.99
2018-11-14 12:30:00,,,,,,,,,,,108.99
2018-11-14 13:30:00,,,,,,,,,,,108.48999999999998
2018-11-14 14:30:00,,,,,,,,,,,108.19
2018-11-14 15:30:00,,,,,,,,,,,108.97
2018-11-15 09:30:00,,,,,,,,,,,107.71000000000001
2018-11-15 10:30:00,,,,,,,,,,,107.78
2018-11-15 11:30:00,,,,,,,,,,,108.32999999999998
2018-11-15 12:30:00,,,,,,,,,,,108.56
2018-11-15 13:30:00,,,,,,,,,,,109.07
2018-11-15 14:30:00,,,,,,,,,,,109.30999999999999
2018-11-15 15:30:00,,,,,,,,,,,108.9
2018-11-16 09:30:00,,,,,,,,,,,109.14999999999999
2018-11-16 10:30:00,,,,,,,,,,,109.37
2018-11-16 11:30:00,,,,,,,,,,,109.45000000000002
2018-11-16 12:30:00,,,,,,,,,,,109.26
2018-11-16 13:30:00,,,,,,,,,,,109.62
2018-11-16 14:30:00,,,,,,,,,,,109.82
2018-11-16 15:30:00,,,,,,,,,,,109.93
2018-11-19 09:30:00,,,,,,,,,,,109.51999999999998
2018-11-19 10:30:00,,,,,,,,,,,109.68
2018-11-19 11:30:00,,,,,,,,,,,109.59
2018-11-19 12:30:00,,,,,,,,,,,108.97
2018-11-19 13:30:00,,,,,,,,,,,109.10000000000001
2018-11-19 14:30:00,,,,,,,,,,,108.99999999999999
2018-11-19 15:30:00,,,,,,,,,,,109.33
2018-11-20 09:30:00,,,,,,,,,,,108.31
2018-11-20 10:30:00,,,,,,,,,,,107.63
2018-11-20 11:30:00,,,,,,,,,,,107.52
2018-11-20 12:30:00,,,,,,,,,,,107.71000000000001
2018-11-20 13:30:00,,,,,,,,,,,107.19000000000001
2018-11-20 14:30:00,,,,,,,,,,,107.13
2018-11-20 15:30:00,,,,,,,,,,,107.29999999999998
2018-11-21 09:30:00,,,,,,,,,,,107.31
2018-11-21 10:30:00,,,,,,,,,,,107.74
2018-11-21 11:30:00,,,,,,,,,,,107.96
2018-11-21 12:30:00,,,,,,,,,,,107.96
2018-11-21 13:30:00,,,,,,,,,,,107.90000000000002
2018-11-21 14:30:00,,,,,,,,,,,107.86000000000001
2018-11-21 15:30:00,,,,,,,,,,,107.48
2018-11-22 09:30:00,,,,,,,,,,,107.48
2018-11-22 10:30:00,,,,,,,,,,,107.48
2018-11-22 11:30:00,,,,,,,,,,,107.48
2018-11-22 12:30:00,,,,,,,,,,,107.48
2018-11-22 13:30:00,,,,,,,,,,,107.48
2018-11-22 14:30:00,,,,,,,,,,,107.48
2018-11-22 15:30:00,,,,,,,,,,,107.48
2018-11-23 09:30:00,,,,,,,,,,,106.43
2018-11-23 10:30:00,,,,,,,,,,,106.43
2018-11-23 11:30:00,,,,,,,,,,,106.92
2018-11-23 12:30:00,,,,,,,,,,,106.72999999999999
2018-11-23 13:30:00,,,,,,,,,,,106.72999999999999
2018-11-23 14:30:00,,,,,,,,,,,106.72999999999999
2018-11-23 15:30:00,,,,,,,,,,,106.72999999999999
2018-11-26 09:30:00,,,,,,,,,,,107.27
2018-11-26 10:30:00,,,,,,,,,,,107.86000000000001
2018-11-26 11:30:00,,,,,,,,,,,107.70000000000002
2018-11-26 12:30:00,,,,,,,,,,,107.58
2018-11-26 13:30:00,,,,,,,,,,,107.51
2018-11-26 14:30:00,,,,,,,,,,,107.85
2018-11-26 15:30:00,,,,,,,,,,,107.78
2018-11-27 09:30:00,,,,,,,,,,,107.4
2018-11-27 10:30:00,,,,,,,,,,,107.74
2018-11-27 11:30:00,,,,,,,,,,,107.81999999999998
2018-11-27 12:30:00,,,,,,,,,,,107.59000000000002
2018-11-27 13:30:00,,,,,,,,,,,107.80999999999999
2018-11-27 14:30:00,,,,,,,,,,,108.00999999999999
2018-11-27 15:30:00,,,,,,,,,,,108.04
2018-11-28 09:30:00,,,,,,,,,,,108.31
2018-11-28 10:30:00,,,,,,,,,,,107.98
2018-11-28 11:30:00,,,,,,,,,,,108.47
2018-11-28 12:30:00,,,,,,,,,,,109.24
2018-11-28 13:30:00,,,,,,,,,,,109.45000000000002
2018-11-28 14:30:00,,,,,,,,,,,109.49
2018-11-28 15:30:00,,,,,,,,,,,109.50999999999999
2018-11-29 09:30:00,,,,,,,,,,,109.51999999999998
2018-11-29 10:30:00,,,,,,,,,,,109.75
2018-11-29 11:30:00,,,,,,,,,,,109.54
2018-11-29 12:30:00,,,,,,,,,,,109.73
2018-11-29 13:30:00,,,,,,,,,,,109.79
2018-11-29 14:30:00,,,,,,,,,,,110.02999999999999
2018-11-29 15:30:00,,,,,,,,,,,110.02999999999999
2018-11-30 09:30:00,,,,,,,,,,,109.59
2018-11-30 10:30:00,,,,,,,,,,,109.78
2018-11-30 11:30:00,,,,,,,,,,,109.56000000000002
2018-11-30 12:30:00,,,,,,,,,,,109.76000000000002
2018-11-30 13:30:00,,,,,,,,,,,109.82999999999998
2018-11-30 14:30:00,,,,,,,,,,,110.18999999999998
2018-11-30 15:30:00,,,,,,,,,,,110.43000000000002
2018-12-03 09:30:00,,,,,,,,,,,111.49
2018-12-03 10:30:00,,,,,,,,,,,111.28
2018-12-03 11:30:00,,,,,,,,,,,110.81999999999998
2018-12-03 12:30:00,,,,,,,,,,,111.05
2018-12-03 13:30:00,,,,,,,,,,,111.20000000000002
2018-12-03 14:30:00,,,,,,,,,,,111.12
2018-12-03 15:30:00,,,,,,,,,,,111.28
2018-12-04 09:30:00,,,,,,,,,,,110.96000000000001
2018-12-04 10:30:00,,,,,,,,,,,110.47
2018-12-04 11:30:00,,,,,,,,,,,110.41
2018-12-04 12:30:00,,,,,,,,,,,108.99999999999999
2018-12-04 13:30:00,,,,,,,,,,,108.5
2018-12-04 14:30:00,,,,,,,,,,,108.66
2018-12-04 15:30:00,,,,,,,,,,,108.26000000000002
2018-12-05 09:30:00,,,,,,,,,,,108.26000000000002
2018-12-05 10:30:00,,,,,,,,,,,108.26000000000002
2018-12-05 11:30:00,,,,,,,,,,,108.26000000000002
2018-12-05 12:30:00,,,,,,,,,,,108.26000000000002
2018-12-05 13:30:00,,,,,,,,,,,108.26000000000002
2018-12-05 14:30:00,,,,,,,,,,,108.26000000000002
2018-12-05 15:30:00,,,,,,,,,,,108.26000000000002
2018-12-06 09:30:00,,,,,,,,,,,106.57
2018-12-06 10:30:00,,,,,,,,,,,106.19
2018-12-06 11:30:00,,,,,,,,,,,104.97000000000001
2018-12-06 12:30:00,,,,,,,,,,,105.97
2018-12-06 13:30:00,,,,,,,,,,,105.56
2018-12-06 14:30:00,,,,,,,,,,,106.14
2018-12-06 15:30:00,,,,,,,,,,,106.66
2018-12-07 09:30:00,,,,,,,,,,,107.50000000000001
2018-12-07 10:30:00,,,,,,,,,,,107.17
2018-12-07 11:30:00,,,,,,,,,,,106.49
2018-12-07 12:30:00,,,,,,,,,,,106.31000000000002
2018-12-07 13:30:00,,,,,,,,,,,106.25
2018-12-07 14:30:00,,,,,,,,,,,105.77
2018-12-07 15:30:00,,,,,,,,,,,105.61
2018-12-10 09:30:00,,,,,,,,,,,105.2
2018-12-10 10:30:00,,,,,,,,,,,104.66000000000001
2018-12-10 11:30:00,,,,,,,,,,,103.56
2018-12-10 12:30:00,,,,,,,,,,,103.74000000000001
2018-12-10 13:30:00,,,,,,,,,,,104.34
2018-12-10 14:30:00,,,,,,,,,,,104.76000000000002
2018-12-10 15:30:00,,,,,,,,,,,105.02
2018-12-11 09:30:00,,,,,,,,,,,106.31000000000002
2018-12-11 10:30:00,,,,,,,,,,,106.35
2018-12-11 11:30:00,,,,,,,,,,,105.48000000000002
2018-12-11 12:30:00,,,,,,,,,,,104.94
2018-12-11 13:30:00,,,,,,,,,,,104.77000000000001
2018-12-11 14:30:00,,,,,,,,,,,105.21
2018-12-11 15:30:00,,,,,,,,,,,105.5
2018-12-12 09:30:00,,,,,,,,,,,106.04000000000002
2018-12-12 10:30:00,,,,,,,,,,,105.83
2018-12-12 11:30:00,,,,,,,,,,,105.85999999999999
2018-12-12 12:30:00,,,,,,,,,,,106.1
2018-12-12 13:30:00,,,,,,,,,,,106.29
2018-12-12 14:30:00,,,,,,,,,,,105.57
2018-12-12 15:30:00,,,,,,,,,,,105.58
2018-12-13 09:30:00,,,,,,,,,,,105.53000000000002
2018-12-13 10:30:00,,,,,,,,,,,105.3
2018-12-13 11:30:00,,,,,,,,,,,105.17000000000002
2018-12-13 12:30:00,,,,,,,,,,,105.02999999999999
2018-12-13 13:30:00,,,,,,,,,,,105.02999999999999
2018-12-13 14:30:00,,,,,,,,,,,104.79
2018-12-13 15:30:00,,,,,,,,,,,104.93
2018-12-14 09:30:00,,,,,,,,,,,104.18
2018-12-14 10:30:00,,,,,,,,,,,104.28
2018-12-14 11:30:00,,,,,,,,,,,104.03
2018-12-14 12:30:00,,,,,,,,,,,103.97
2018-12-14 13:30:00,,,,,,,,,,,103.76
2018-12-14 14:30:00,,,,,,,,,,,103.63000000000001
2018-12-14 15:30:00,,,,,,,,,,,103.43
2018-12-17 09:30:00,,,,,,,,,,,103.1
2018-12-17 10:30:00,,,,,,,,,,,102.96
2018-12-17 11:30:00,,,,,,,,,,,103.36
2018-12-17 12:30:00,,,,,,,,,,,103.0
2018-12-17 13:30:00,,,,,,,,,,,102.59
2018-12-17 14:30:00,,,,,,,,,,,102.0
2018-12-17 15:30:00,,,,,,,,,,,101.39
2018-12-18 09:30:00,,,,,,,,,,,102.22
2018-12-18 10:30:00,,,,,,,,,,,102.38
2018-12-18 11:30:00,,,,,,,,,,,101.73
2018-12-18 12:30:00,,,,,,,,,,,101.95
2018-12-18 13:30:00,,,,,,,,,,,101.95
2018-12-18 14:30:00,,,,,,,,,,,101.36
2018-12-18 15:30:00,,,,,,,,,,,100.82
2018-12-19 09:30:00,,,,,,,,,,,101.19
2018-12-19 10:30:00,,,,,,,,,,,101.93
2018-12-19 11:30:00,,,,,,,,,,,101.76
2018-12-19 12:30:00,,,,,,,,,,,102.25
2018-12-19 13:30:00,,,,,,,,,,,101.99
2018-12-19 14:30:00,,,,,,,,,,,101.52
2018-12-19 15:30:00,,,,,,,,,,,99.56
2018-12-20 09:30:00,,,,,,,,,,,99.29
2018-12-20 10:30:00,,,,,,,,,,,99.5
2018-12-20 11:30:00,,,,,,,,,,,99.19
2018-12-20 12:30:00,,,,,,,,,,,99.23
2018-12-20 13:30:00,,,,,,,,,,,98.53
2018-12-20 14:30:00,,,,,,,,,,,98.32
2018-12-20 15:30:00,,,,,,,,,,,98.63
2018-12-21 09:30:00,,,,,,,,,,,98.45
2018-12-21 10:30:00,,,,,,,,,,,99.53
2018-12-21 11:30:00,,,,,,,,,,,99.06
2018-12-21 12:30:00,,,,,,,,,,,97.84
2018-12-21 13:30:00,,,,,,,,,,,97.97
2018-12-21 14:30:00,,,,,,,,,,,97.8
2018-12-21 15:30:00,,,,,,,,,,,97.07
2018-12-24 09:30:00,,,,,,,,,,,96.19
2018-12-24 10:30:00,,,,,,,,,,,95.61
2018-12-24 11:30:00,,,,,,,,,,,95.26
2018-12-24 12:30:00,,,,,,,,,,,95.13
2018-12-24 13:30:00,,,,,,,,,,,95.13
2018-12-24 14:30:00,,,,,,,,,,,95.13
2018-12-24 15:30:00,,,,,,,,,,,95.13
2018-12-25 09:30:00,,,,,,,,,,,95.13
2018-12-25 10:30:00,,,,,,,,,,,95.13
2018-12-25 11:30:00,,,,,,,,,,,95.13
2018-12-25 12:30:00,,,,,,,,,,,95.13
2018-12-25 13:30:00,,,,,,,,,,,95.13
2018-12-25 14:30:00,,,,,,,,,,,95.13
2018-12-25 15:30:00,,,,,,,,,,,95.13
2018-12-26 09:30:00,,,,,,,,,,,94.85
2018-12-26 10:30:00,,,,,,,,,,,94.11
2018-12-26 11:30:00,,,,,,,,,,,94.66
2018-12-26 12:30:00,,,,,,,,,,,95.69
2018-12-26 13:30:00,,,,,,,,,,,95.7
2018-12-26 14:30:00,,,,,,,,,,,96.24
2018-12-26 15:30:00,,,,,,,,,,,97.21
2018-12-27 09:30:00,,,,,,,,,,,97.09
2018-12-27 10:30:00,,,,,,,,,,,96.54
2018-12-27 11:30:00,,,,,,,,,,,97.48
2018-12-27 12:30:00,,,,,,,,,,,96.63
2018-12-27 13:30:00,,,,,,,,,,,96.59
2018-12-27 14:30:00,,,,,,,,,,,96.02
2018-12-27 15:30:00,,,,,,,,,,,97.99
2018-12-28 09:30:00,,,,,,,,,,,99.91
2018-12-28 10:30:00,,,,,,,,,,,99.23
2018-12-28 11:30:00,,,,,,,,,,,99.4
2018-12-28 12:30:00,,,,,,,,,,,99.69
2018-12-28 13:30:00,,,,,,,,,,,99.09
2018-12-28 14:30:00,,,,,,,,,,,99.83
2018-12-28 15:30:00,,,,,,,,,,,99.13
2018-12-31 09:30:00,,,,,,,,,,,99.85
2018-12-31 10:30:00,,,,,,,,,,,99.6
2018-12-31 11:30:00,,,,,,,,,,,99.37
2018-12-31 12:30:00,,,,,,,,,,,99.66
2018-12-31 13:30:00,,,,,,,,,,,99.9
2018-12-31 14:30:00,,,,,,,,,,,99.17
2018-12-31 15:30:00,,,,,,,,,,,99.59
2019-01-01 09:30:00,,,,,,,,,,,99.59
2019-01-01 10:30:00,,,,,,,,,,,99.59
2019-01-01 11:30:00,,,,,,,,,,,99.59
2019-01-01 12:30:00,,,,,,,,,,,99.59
2019-01-01 13:30:00,,,,,,,,,,,99.59
2019-01-01 14:30:00,,,,,,,,,,,99.59
2019-01-01 15:30:00,,,,,,,,,,,99.59
2019-01-02 09:30:00,,,,,,,,,,,98.55
2019-01-02 10:30:00,,,,,,,,,,,99.46
2019-01-02 11:30:00,,,,,,,,,,,100.11
2019-01-02 12:30:00,,,,,,,,,,,99.98
2019-01-02 13:30:00,,,,,,,,,,,100.61
2019-01-02 14:30:00,,,,,,,,,,,100.45
2019-01-02 15:30:00,,,,,,,,,,,99.91
2019-01-03 09:30:00,,,,,,,,,,,99.4
2019-01-03 10:30:00,,,,,,,,,,,98.35
2019-01-03 11:30:00,,,,,,,,,,,98.62
2019-01-03 12:30:00,,,,,,,,,,,99.1
2019-01-03 13:30:00,,,,,,,,,,,98.64
2019-01-03 14:30:00,,,,,,,,,,,98.99
2019-01-03 15:30:00,,,,,,,,,,,98.19
2019-01-04 09:30:00,,,,,,,,,,,99.35
2019-01-04 10:30:00,,,,,,,,,,,100.67
2019-01-04 11:30:00,,,,,,,,,,,100.28
2019-01-04 12:30:00,,,,,,,,,,,100.85
2019-01-04 13:30:00,,,,,,,,,,,101.13
2019-01-04 14:30:00,,,,,,,,,,,101.06
2019-01-04 15:30:00,,,,,,,,,,,100.9
2019-01-07 09:30:00,,,,,,,,,,,101.19
2019-01-07 10:30:00,,,,,,,,,,,101.39
2019-01-07 11:30:00,,,,,,,,,,,101.71
2019-01-07 12:30:00,,,,,,,,,,,102.17
2019-01-07 13:30:00,,,,,,,,,,,102.37
2019-01-07 14:30:00,,,,,,,,,,,102.05
2019-01-07 15:30:00,,,,,,,,,,,102.13
2019-01-08 09:30:00,,,,,,,,,,,102.72
2019-01-08 10:30:00,,,,,,,,,,,102.23
2019-01-08 11:30:00,,,,,,,,,,,101.89
2019-01-08 12:30:00,,,,,,,,,,,102.38
2019-01-08 13:30:00,,,,,,,,,,,102.27
2019-01-08 14:30:00,,,,,,,,,,,102.41
2019-01-08 15:30:00,,,,,,,,,,,102.59
2019-01-09 09:30:00,,,,,,,,,,,103.06000000000002
2019-01-09 10:30:00,,,,,,,,,,,102.86
2019-01-09 11:30:00,,,,,,,,,,,103.07000000000001
2019-01-09 12:30:00,,,,,,,,,,,103.31
2019-01-09 13:30:00,,,,,,,,,,,103.4
2019-01-09 14:30:00,,,,,,,,,,,102.99
2019-01-09 15:30:00,,,,,,,,,,,103.25
2019-01-10 09:30:00,,,,,,,,,,,102.42
2019-01-10 10:30:00,,,,,,,,,,,102.87
2019-01-10 11:30:00,,,,,,,,,,,103.12999999999998
2019-01-10 12:30:00,,,,,,,,,,,103.3
2019-01-10 13:30:00,,,,,,,,,,,103.0
2019-01-10 14:30:00,,,,,,,,,,,103.38000000000001
2019-01-10 15:30:00,,,,,,,,,,,103.42000000000002
2019-01-11 09:30:00,,,,,,,,,,,102.98
2019-01-11 10:30:00,,,,,,,,,,,102.88
2019-01-11 11:30:00,,,,,,,,,,,103.27000000000001
2019-01-11 12:30:00,,,,,,,,,,,103.48999999999998
2019-01-11 13:30:00,,,,,,,,,,,103.48999999999998
2019-01-11 14:30:00,,,,,,,,,,,103.56
2019-01-11 15:30:00,,,,,,,,,,,103.44
2019-01-14 09:30:00,,,,,,,,,,,102.78
2019-01-14 10:30:00,,,,,,,,,,,102.78
2019-01-14 11:30:00,,,,,,,,,,,102.78
2019-01-14 12:30:00,,,,,,,,,,,103.45
2019-01-14 13:30:00,,,,,,,,,,,103.54
2019-01-14 14:30:00,,,,,,,,,,,103.36
2019-01-14 15:30:00,,,,,,,,,,,103.41
2019-01-15 09:30:00,,,,,,,,,,,103.28
2019-01-15 10:30:00,,,,,,,,,,,103.23
2019-01-15 11:30:00,,,,,,,,,,,103.47999999999999
2019-01-15 12:30:00,,,,,,,,,,,104.01
2019-01-15 13:30:00,,,,,,,,,,,103.82
2019-01-15 14:30:00,,,,,,,,,,,103.44
2019-01-15 15:30:00,,,,,,,,,,,103.81
2019-01-16 09:30:00,,,,,,,,,,,104.27
2019-01-16 10:30:00,,,,,,,,,,,104.64
2019-01-16 11:30:00,,,,,,,,,,,104.68
2019-01-16 12:30:00,,,,,,,,,,,104.7
2019-01-16 13:30:00,,,,,,,,,,,104.8
2019-01-16 14:30:00,,,,,,,,,,,104.93
2019-01-16 15:30:00,,,,,,,,,,,104.94
2019-01-17 09:30:00,,,,,,,,,,,104.12
2019-01-17 10:30:00,,,,,,,,,,,104.12
2019-01-17 11:30:00,,,,,,,,,,,104.62
2019-01-17 12:30:00,,,,,,,,,,,104.75
2019-01-17 13:30:00,,,,,,,,,,,104.95
2019-01-17 14:30:00,,,,,,,,,,,104.86
2019-01-17 15:30:00,,,,,,,,,,,105.33000000000001
2019-01-18 09:30:00,,,,,,,,,,,106.06999999999998
2019-01-18 10:30:00,,,,,,,,,,,106.31000000000002
2019-01-18 11:30:00,,,,,,,,,,,106.81
2019-01-18 12:30:00,,,,,,,,,,,106.97999999999999
2019-01-18 13:30:00,,,,,,,,,,,106.83000000000001
2019-01-18 14:30:00,,,,,,,,,,,106.8
2019-01-18 15:30:00,,,,,,,,,,,106.8
2019-01-21 09:30:00,,,,,,,,,,,106.8
2019-01-21 10:30:00,,,,,,,,,,,106.8
2019-01-21 11:30:00,,,,,,,,,,,106.8
2019-01-21 12:30:00,,,,,,,,,,,106.8
2019-01-21 13:30:00,,,,,,,,,,,106.8
2019-01-21 14:30:00,,,,,,,,,,,106.8
2019-01-21 15:30:00,,,,,,,,,,,106.8
2019-01-22 09:30:00,,,,,,,,,,,106.34
2019-01-22 10:30:00,,,,,,,,,,,105.87
2019-01-22 11:30:00,,,,,,,,,,,105.84000000000002
2019-01-22 12:30:00,,,,,,,,,,,105.47
2019-01-22 13:30:00,,,,,,,,,,,105.25
2019-01-22 14:30:00,,,,,,,,,,,105.25
2019-01-22 15:30:00,,,,,,,,,,,105.2
2019-01-23 09:30:00,,,,,,,,,,,105.94999999999999
2019-01-23 10:30:00,,,,,,,,,,,105.76
2019-01-23 11:30:00,,,,,,,,,,,105.38
2019-01-23 12:30:00,,,,,,,,,,,105.07999999999998
2019-01-23 13:30:00,,,,,,,,,,,105.26
2019-01-23 14:30:00,,,,,,,,,,,105.49000000000001
2019-01-23 15:30:00,,,,,,,,,,,105.65
2019-01-24 09:30:00,,,,,,,,,,,105.53999999999999
2019-01-24 10:30:00,,,,,,,,,,,106.1
2019-01-24 11:30:00,,,,,,,,,,,105.80000000000001
2019-01-24 12:30:00,,,,,,,,,,,105.80000000000001
2019-01-24 13:30:00,,,,,,,,,,,105.46
2019-01-24 14:30:00,,,,,,,,,,,105.58
2019-01-24 15:30:00,,,,,,,,,,,105.83
2019-01-25 09:30:00,,,,,,,,,,,106.61999999999999
2019-01-25 10:30:00,,,,,,,,,,,107.13
2019-01-25 11:30:00,,,,,,,,,,,107.03000000000002
2019-01-25 12:30:00,,,,,,,,,,,107.29999999999998
2019-01-25 13:30:00,,,,,,,,,,,107.15
2019-01-25 14:30:00,,,,,,,,,,,106.97
2019-01-25 15:30:00,,,,,,,,,,,106.86
2019-01-28 09:30:00,,,,,,,,,,,105.92
2019-01-28 10:30:00,,,,,,,,,,,106.13
2019-01-28 11:30:00,,,,,,,,,,,106.09
2019-01-28 12:30:00,,,,,,,,,,,105.97
2019-01-28 13:30:00,,,,,,,,,,,106.08
2019-01-28 14:30:00,,,,,,,,,,,106.16000000000001
2019-01-28 15:30:00,,,,,,,,,,,106.37999999999998
2019-01-29 09:30:00,,,,,,,,,,,106.54
2019-01-29 10:30:00,,,,,,,,,,,106.85
2019-01-29 11:30:00,,,,,,,,,,,106.56000000000002
2019-01-29 12:30:00,,,,,,,,,,,106.67000000000002
2019-01-29 13:30:00,,,,,,,,,,,106.77
2019-01-29 14:30:00,,,,,,,,,,,106.77
2019-01-29 15:30:00,,,,,,,,,,,106.69
2019-01-30 09:30:00,,,,,,,,,,,107.19000000000001
2019-01-30 10:30:00,,,,,,,,,,,106.93999999999998
2019-01-30 11:30:00,,,,,,,,,,,107.24999999999999
2019-01-30 12:30:00,,,,,,,,,,,107.39000000000001
2019-01-30 13:30:00,,,,,,,,,,,107.27
2019-01-30 14:30:00,,,,,,,,,,,107.98
2019-01-30 15:30:00,,,,,,,,,,,107.88
2019-01-31 09:30:00,,,,,,,,,,,107.71000000000001
2019-01-31 10:30:00,,,,,,,,,,,108.31
2019-01-31 11:30:00,,,,,,,,,,,108.4
2019-01-31 12:30:00,,,,,,,,,,,108.41
2019-01-31 13:30:00,,,,,,,,,,,108.25
2019-01-31 14:30:00,,,,,,,,,,,108.32999999999998
2019-01-31 15:30:00,,,,,,,,,,,108.29
2019-02-01 09:30:00,,,,,,,,,,,108.76
2019-02-01 10:30:00,,,,,,,,,,,108.99
2019-02-01 11:30:00,,,,,,,,,,,108.88
2019-02-01 12:30:00,,,,,,,,,,,108.73000000000002
2019-02-01 13:30:00,,,,,,,,,,,108.79999999999998
2019-02-01 14:30:00,,,,,,,,,,,108.55
2019-02-01 15:30:00,,,,,,,,,,,108.55
2019-02-04 09:30:00,,,,,,,,,,,108.71
2019-02-04 10:30:00,,,,,,,,,,,108.36
2019-02-04 11:30:00,,,,,,,,,,,108.7
2019-02-04 12:30:00,,,,,,,,,,,108.86
2019-02-04 13:30:00,,,,,,,,,,,108.9
2019-02-04 14:30:00,,,,,,,,,,,109.10000000000001
2019-02-04 15:30:00,,,,,,,,,,,109.05000000000001
2019-02-05 09:30:00,,,,,,,,,,,109.42
2019-02-05 10:30:00,,,,,,,,,,,109.42
2019-02-05 11:30:00,,,,,,,,,,,109.46000000000001
2019-02-05 12:30:00,,,,,,,,,,,109.33
2019-02-05 13:30:00,,,,,,,,,,,109.30000000000001
2019-02-05 14:30:00,,,,,,,,,,,109.55
2019-02-05 15:30:00,,,,,,,,,,,109.66999999999999
2019-02-06 09:30:00,,,,,,,,,,,109.46000000000001
2019-02-06 10:30:00,,,,,,,,,,,109.46000000000001
2019-02-06 11:30:00,,,,,,,,,,,109.65000000000002
2019-02-06 12:30:00,,,,,,,,,,,109.64
2019-02-06 13:30:00,,,,,,,,,,,109.71
2019-02-06 14:30:00,,,,,,,,,,,109.59
2019-02-06 15:30:00,,,,,,,,,,,109.66
2019-02-07 09:30:00,,,,,,,,,,,108.99
2019-02-07 10:30:00,,,,,,,,,,,109.18
2019-02-07 11:30:00,,,,,,,,,,,108.11999999999999
2019-02-07 12:30:00,,,,,,,,,,,108.12999999999998
2019-02-07 13:30:00,,,,,,,,,,,108.27999999999999
2019-02-07 14:30:00,,,,,,,,,,,108.36
2019-02-07 15:30:00,,,,,,,,,,,108.32999999999998
2019-02-08 09:30:00,,,,,,,,,,,108.16999999999999
2019-02-08 10:30:00,,,,,,,,,,,107.79
2019-02-08 11:30:00,,,,,,,,,,,107.64
2019-02-08 12:30:00,,,,,,,,,,,107.78
2019-02-08 13:30:00,,,,,,,,,,,107.96
2019-02-08 14:30:00,,,,,,,,,,,108.2
2019-02-08 15:30:00,,,,,,,,,,,108.2
2019-02-11 09:30:00,,,,,,,,,,,108.66
2019-02-11 10:30:00,,,,,,,,,,,108.32
2019-02-11 11:30:00,,,,,,,,,,,108.36
2019-02-11 12:30:00,,,,,,,,,,,108.54
2019-02-11 13:30:00,,,,,,,,,,,108.43999999999998
2019-02-11 14:30:00,,,,,,,,,,,108.38000000000001
2019-02-11 15:30:00,,,,,,,,,,,108.47
2019-02-12 09:30:00,,,,,,,,,,,109.18
2019-02-12 10:30:00,,,,,,,,,,,109.43
2019-02-12 11:30:00,,,,,,,,,,,109.7
2019-02-12 12:30:00,,,,,,,,,,,109.7
2019-02-12 13:30:00,,,,,,,,,,,109.7
2019-02-12 14:30:00,,,,,,,,,,,109.93
2019-02-12 15:30:00,,,,,,,,,,,109.97999999999999
2019-02-13 09:30:00,,,,,,,,,,,110.24000000000001
2019-02-13 10:30:00,,,,,,,,,,,110.49999999999999
2019-02-13 11:30:00,,,,,,,,,,,110.17999999999999
2019-02-13 12:30:00,,,,,,,,,,,110.15
2019-02-13 13:30:00,,,,,,,,,,,110.3
2019-02-13 14:30:00,,,,,,,,,,,110.33000000000001
2019-02-13 15:30:00,,,,,,,,,,,110.59000000000002
2019-02-14 09:30:00,,,,,,,,,,,109.62999999999998
2019-02-14 10:30:00,,,,,,,,,,,109.91
2019-02-14 11:30:00,,,,,,,,,,,109.91
2019-02-14 12:30:00,,,,,,,,,,,110.22999999999999
2019-02-14 13:30:00,,,,,,,,,,,110.27
2019-02-14 14:30:00,,,,,,,,,,,110.22999999999999
2019-02-14 15:30:00,,,,,,,,,,,110.13000000000001
2019-02-15 09:30:00,,,,,,,,,,,110.70999999999998
2019-02-15 10:30:00,,,,,,,,,,,111.04
2019-02-15 11:30:00,,,,,,,,,,,111.01
2019-02-15 12:30:00,,,,,,,,,,,111.01
2019-02-15 13:30:00,,,,,,,,,,,110.94
2019-02-15 14:30:00,,,,,,,,,,,110.94
2019-02-15 15:30:00,,,,,,,,,,,110.99
2019-02-18 09:30:00,,,,,,,,,,,110.99
2019-02-18 10:30:00,,,,,,,,,,,110.99
2019-02-18 11:30:00,,,,,,,,,,,110.99
2019-02-18 12:30:00,,,,,,,,,,,110.99
2019-02-18 13:30:00,,,,,,,,,,,110.99
2019-02-18 14:30:00,,,,,,,,,,,110.99
2019-02-18 15:30:00,,,,,,,,,,,110.99
2019-02-19 09:30:00,,,,,,,,,,,110.98
2019-02-19 10:30:00,,,,,,,,,,,111.25999999999999
2019-02-19 11:30:00,,,,,,,,,,,111.3
2019-02-19 12:30:00,,,,,,,,,,,111.57999999999998
2019-02-19 13:30:00,,,,,,,,,,,111.56
2019-02-19 14:30:00,,,,,,,,,,,111.77
2019-02-19 15:30:00,,,,,,,,,,,111.79
2019-02-20 09:30:00,,,,,,,,,,,111.52000000000001
2019-02-20 10:30:00,,,,,,,,,,,111.73999999999998
2019-02-20 11:30:00,,,,,,,,,,,111.72999999999999
2019-02-20 12:30:00,,,,,,,,,,,111.67000000000002
2019-02-20 13:30:00,,,,,,,,,,,111.67000000000002
2019-02-20 14:30:00,,,,,,,,,,,111.77999999999999
2019-02-20 15:30:00,,,,,,,,,,,111.95
2019-02-21 09:30:00,,,,,,,,,,,111.68
2019-02-21 10:30:00,,,,,,,,,,,111.46
2019-02-21 11:30:00,,,,,,,,,,,111.33
2019-02-21 12:30:00,,,,,,,,,,,111.33
2019-02-21 13:30:00,,,,,,,,,,,111.33
2019-02-21 14:30:00,,,,,,,,,,,111.29
2019-02-21 15:30:00,,,,,,,,,,,111.09
2019-02-22 09:30:00,,,,,,,,,,,111.66
2019-02-22 10:30:00,,,,,,,,,,,111.54
2019-02-22 11:30:00,,,,,,,,,,,111.77
2019-02-22 12:30:00,,,,,,,,,,,111.71
2019-02-22 13:30:00,,,,,,,,,,,111.66
2019-02-22 14:30:00,,,,,,,,,,,111.61999999999999
2019-02-22 15:30:00,,,,,,,,,,,111.65
2019-02-25 09:30:00,,,,,,,,,,,112.33
2019-02-25 10:30:00,,,,,,,,,,,112.44
2019-02-25 11:30:00,,,,,,,,,,,112.54000000000002
2019-02-25 12:30:00,,,,,,,,,,,112.50000000000001
2019-02-25 13:30:00,,,,,,,,,,,112.32
2019-02-25 14:30:00,,,,,,,,,,,112.28999999999999
2019-02-25 15:30:00,,,,,,,,,,,112.02
2019-02-26 09:30:00,,,,,,,,,,,111.84
2019-02-26 10:30:00,,,,,,,,,,,111.96
2019-02-26 11:30:00,,,,,,,,,,,112.11
2019-02-26 12:30:00,,,,,,,,,,,112.01
2019-02-26 13:30:00,,,,,,,,,,,111.85
2019-02-26 14:30:00,,,,,,,,,,,111.86
2019-02-26 15:30:00,,,,,,,,,,,111.98000000000002
2019-02-27 09:30:00,,,,,,,,,,,111.57
2019-02-27 10:30:00,,,,,,,,,,,111.21
2019-02-27 11:30:00,,,,,,,,,,,111.4
2019-02-27 12:30:00,,,,,,,,,,,111.52999999999999
2019-02-27 13:30:00,,,,,,,,,,,111.68
2019-02-27 14:30:00,,,,,,,,,,,111.61999999999999
2019-02-27 15:30:00,,,,,,,,,,,111.51000000000002
2019-02-28 09:30:00,,,,,,,,,,,111.48
2019-02-28 10:30:00,,,,,,,,,,,111.13
2019-02-28 11:30:00,,,,,,,,,,,111.15000000000002
2019-02-28 12:30:00,,,,,,,,,,,111.24
2019-02-28 13:30:00,,,,,,,,,,,111.16000000000001
2019-02-28 14:30:00,,,,,,,,,,,111.18
2019-02-28 15:30:00,,,,,,,,,,,111.1
2019-03-01 09:30:00,,,,,,,,,,,111.67000000000002
2019-03-01 10:30:00,,,,,,,,,,,111.44
2019-03-01 11:30:00,,,,,,,,,,,111.27000000000001
2019-03-01 12:30:00,,,,,,,,,,,111.28
2019-03-01 13:30:00,,,,,,,,,,,111.31000000000002
2019-03-01 14:30:00,,,,,,,,,,,111.5
2019-03-01 15:30:00,,,,,,,,,,,111.47000000000001
2019-03-04 09:30:00,,,,,,,,,,,112.04
2019-03-04 10:30:00,,,,,,,,,,,112.11
2019-03-04 11:30:00,,,,,,,,,,,111.31000000000002
2019-03-04 12:30:00,,,,,,,,,,,110.53
2019-03-04 13:30:00,,,,,,,,,,,110.54999999999998
2019-03-04 14:30:00,,,,,,,,,,,110.89999999999999
2019-03-04 15:30:00,,,,,,,,,,,110.81999999999998
2019-03-05 09:30:00,,,,,,,,,,,111.05
2019-03-05 10:30:00,,,,,,,,,,,110.69999999999999
2019-03-05 11:30:00,,,,,,,,,,,110.92
2019-03-05 12:30:00,,,,,,,,,,,110.92
2019-03-05 13:30:00,,,,,,,,,,,110.81999999999998
2019-03-05 14:30:00,,,,,,,,,,,111.05
2019-03-05 15:30:00,,,,,,,,,,,110.94
2019-03-06 09:30:00,,,,,,,,,,,110.70999999999998
2019-03-06 10:30:00,,,,,,,,,,,110.53
2019-03-06 11:30:00,,,,,,,,,,,110.53
2019-03-06 12:30:00,,,,,,,,,,,110.24000000000001
2019-03-06 13:30:00,,,,,,,,,,,110.15
2019-03-06 14:30:00,,,,,,,,,,,110.32
2019-03-06 15:30:00,,,,,,,,,,,110.09
2019-03-07 09:30:00,,,,,,,,,,,109.87999999999998
2019-03-07 10:30:00,,,,,,,,,,,109.19
2019-03-07 11:30:00,,,,,,,,,,,109.35999999999999
2019-03-07 12:30:00,,,,,,,,,,,109.31999999999998
2019-03-07 13:30:00,,,,,,,,,,,109.56000000000002
2019-03-07 14:30:00,,,,,,,,,,,109.30999999999999
2019-03-07 15:30:00,,,,,,,,,,,109.05000000000001
2019-03-08 09:30:00,,,,,,,,,,,108.36
2019-03-08 10:30:00,,,,,,,,,,,108.67999999999999
2019-03-08 11:30:00,,,,,,,,,,,108.84999999999998
2019-03-08 12:30:00,,,,,,,,,,,108.75
2019-03-08 13:30:00,,,,,,,,,,,108.58000000000001
2019-03-08 14:30:00,,,,,,,,,,,108.79999999999998
2019-03-08 15:30:00,,,,,,,,,,,108.78000000000002
2019-03-11 09:30:00,,,,,,,,,,,109.55
2019-03-11 10:30:00,,,,,,,,,,,110.14
2019-03-11 11:30:00,,,,,,,,,,,110.44000000000001
2019-03-11 12:30:00,,,,,,,,,,,110.44000000000001
2019-03-11 13:30:00,,,,,,,,,,,110.69999999999999
2019-03-11 14:30:00,,,,,,,,,,,110.65
2019-03-11 15:30:00,,,,,,,,,,,110.65999999999998
2019-03-12 09:30:00,,,,,,,,,,,110.97
2019-03-12 10:30:00,,,,,,,,,,,111.43
2019-03-12 11:30:00,,,,,,,,,,,111.16000000000001
2019-03-12 12:30:00,,,,,,,,,,,111.24
2019-03-12 13:30:00,,,,,,,,,,,111.21
2019-03-12 14:30:00,,,,,,,,,,,111.20000000000002
2019-03-12 15:30:00,,,,,,,,,,,111.05999999999999
2019-03-13 09:30:00,,,,,,,,,,,111.5
2019-03-13 10:30:00,,,,,,,,,,,111.5
2019-03-13 11:30:00,,,,,,,,,,,112.08999999999999
2019-03-13 12:30:00,,,,,,,,,,,111.92999999999999
2019-03-13 13:30:00,,,,,,,,,,,112.03000000000002
2019-03-13 14:30:00,,,,,,,,,,,112.13
2019-03-13 15:30:00,,,,,,,,,,,111.84
2019-03-14 09:30:00,,,,,,,,,,,111.88
2019-03-14 10:30:00,,,,,,,,,,,111.87000000000002
2019-03-14 11:30:00,,,,,,,,,,,111.96
2019-03-14 12:30:00,,,,,,,,,,,112.04999999999998
2019-03-14 13:30:00,,,,,,,,,,,112.04999999999998
2019-03-14 14:30:00,,,,,,,,,,,111.92
2019-03-14 15:30:00,,,,,,,,,,,111.97
2019-03-15 09:30:00,,,,,,,,,,,112.17
2019-03-15 10:30:00,,,,,,,,,,,112.17
2019-03-15 11:30:00,,,,,,,,,,,112.30000000000001
2019-03-15 12:30:00,,,,,,,,,,,112.58
2019-03-15 13:30:00,,,,,,,,,,,112.56999999999998
2019-03-15 14:30:00,,,,,,,,,,,112.40999999999998
2019-03-15 15:30:00,,,,,,,,,,,112.42
2019-03-18 09:30:00,,,,,,,,,,,112.50000000000001
2019-03-18 10:30:00,,,,,,,,,,,112.99
2019-03-18 11:30:00,,,,,,,,,,,112.79
2019-03-18 12:30:00,,,,,,,,,,,112.85
2019-03-18 13:30:00,,,,,,,,,,,112.98
2019-03-18 14:30:00,,,,,,,,,,,112.98
2019-03-18 15:30:00,,,,,,,,,,,112.96
2019-03-19 09:30:00,,,,,,,,,,,113.55
2019-03-19 10:30:00,,,,,,,,,,,113.56
2019-03-19 11:30:00,,,,,,,,,,,113.46
2019-03-19 12:30:00,,,,,,,,,,,113.77
2019-03-19 13:30:00,,,,,,,,,,,113.43999999999998
2019-03-19 14:30:00,,,,,,,,,,,113.23
2019-03-19 15:30:00,,,,,,,,,,,112.76999999999998
2019-03-20 09:30:00,,,,,,,,,,,112.59
2019-03-20 10:30:00,,,,,,,,,,,112.28999999999999
2019-03-20 11:30:00,,,,,,,,,,,112.30000000000001
2019-03-20 12:30:00,,,,,,,,,,,112.06
2019-03-20 13:30:00,,,,,,,,,,,112.01
2019-03-20 14:30:00,,,,,,,,,,,112.64999999999999
2019-03-20 15:30:00,,,,,,,,,,,112.44
2019-03-21 09:30:00,,,,,,,,,,,111.71
2019-03-21 10:30:00,,,,,,,,,,,112.42
2019-03-21 11:30:00,,,,,,,,,,,112.67
2019-03-21 12:30:00,,,,,,,,,,,112.74
2019-03-21 13:30:00,,,,,,,,,,,112.74
2019-03-21 14:30:00,,,,,,,,,,,113.26000000000002
2019-03-21 15:30:00,,,,,,,,,,,113.18
2019-03-22 09:30:00,,,,,,,,,,,112.54000000000002
2019-03-22 10:30:00,,,,,,,,,,,111.99000000000001
2019-03-22 11:30:00,,,,,,,,,,,111.59
2019-03-22 12:30:00,,,,,,,,,,,111.04
2019-03-22 13:30:00,,,,,,,,,,,111.21
2019-03-22 14:30:00,,,,,,,,,,,111.51000000000002
2019-03-22 15:30:00,,,,,,,,,,,111.21999999999998
2019-03-25 09:30:00,,,,,,,,,,,110.77
2019-03-25 10:30:00,,,,,,,,,,,110.38
2019-03-25 11:30:00,,,,,,,,,,,111.08
2019-03-25 12:30:00,,,,,,,,,,,110.69999999999999
2019-03-25 13:30:00,,,,,,,,,,,110.56
2019-03-25 14:30:00,,,,,,,,,,,110.15
2019-03-25 15:30:00,,,,,,,,,,,110.51
2019-03-26 09:30:00,,,,,,,,,,,111.37999999999998
2019-03-26 10:30:00,,,,,,,,,,,111.64
2019-03-26 11:30:00,,,,,,,,,,,111.56
2019-03-26 12:30:00,,,,,,,,,,,111.23
2019-03-26 13:30:00,,,,,,,,,,,111.23
2019-03-26 14:30:00,,,,,,,,,,,110.85
2019-03-26 15:30:00,,,,,,,,,,,110.87
2019-03-27 09:30:00,,,,,,,,,,,111.43
2019-03-27 10:30:00,,,,,,,,,,,111.6
2019-03-27 11:30:00,,,,,,,,,,,110.68000000000002
2019-03-27 12:30:00,,,,,,,,,,,110.79000000000002
2019-03-27 13:30:00,,,,,,,,,,,111.05999999999999
2019-03-27 14:30:00,,,,,,,,,,,111.18
2019-03-27 15:30:00,,,,,,,,,,,111.20000000000002
2019-03-28 09:30:00,,,,,,,,,,,111.32000000000001
2019-03-28 10:30:00,,,,,,,,,,,111.46
2019-03-28 11:30:00,,,,,,,,,,,110.87
2019-03-28 12:30:00,,,,,,,,,,,110.87
2019-03-28 13:30:00,,,,,,,,,,,110.87
2019-03-28 14:30:00,,,,,,,,,,,111.16000000000001
2019-03-28 15:30:00,,,,,,,,,,,111.32000000000001
2019-03-29 09:30:00,,,,,,,,,,,112.0
2019-03-29 10:30:00,,,,,,,,,,,111.88999999999999
2019-03-29 11:30:00,,,,,,,,,,,111.73999999999998
2019-03-29 12:30:00,,,,,,,,,,,111.72
2019-03-29 13:30:00,,,,,,,,,,,111.77999999999999
2019-03-29 14:30:00,,,,,,,,,,,111.88999999999999
2019-03-29 15:30:00,,,,,,,,,,,111.91
2019-04-01 09:30:00,,,,,,,,,,,112.88
2019-04-01 10:30:00,,,,,,,,,,,113.16
2019-04-01 11:30:00,,,,,,,,,,,113.11999999999999
2019-04-01 12:30:00,,,,,,,,,,,113.22000000000001
2019-04-01 13:30:00,,,,,,,,,,,113.25
2019-04-01 14:30:00,,,,,,,,,,,113.4
2019-04-01 15:30:00,,,,,,,,,,,113.47
2019-04-02 09:30:00,,,,,,,,,,,113.52
2019-04-02 10:30:00,,,,,,,,,,,113.58000000000001
2019-04-02 11:30:00,,,,,,,,,,,113.45
2019-04-02 12:30:00,,,,,,,,,,,113.37000000000002
2019-04-02 13:30:00,,,,,,,,,,,113.42999999999999
2019-04-02 14:30:00,,,,,,,,,,,113.47
2019-04-02 15:30:00,,,,,,,,,,,113.48999999999998
2019-04-03 09:30:00,,,,,,,,,,,114.03
2019-04-03 10:30:00,,,,,,,,,,,113.91
2019-04-03 11:30:00,,,,,,,,,,,114.07
2019-04-03 12:30:00,,,,,,,,,,,114.09000000000002
2019-04-03 13:30:00,,,,,,,,,,,114.01
2019-04-03 14:30:00,,,,,,,,,,,113.79999999999998
2019-04-03 15:30:00,,,,,,,,,,,113.61
2019-04-04 09:30:00,,,,,,,,,,,113.88
2019-04-04 10:30:00,,,,,,,,,,,113.99
2019-04-04 11:30:00,,,,,,,,,,,114.19
2019-04-04 12:30:00,,,,,,,,,,,113.99999999999999
2019-04-04 13:30:00,,,,,,,,,,,114.13
2019-04-04 14:30:00,,,,,,,,,,,114.21000000000001
2019-04-04 15:30:00,,,,,,,,,,,114.30999999999999
2019-04-05 09:30:00,,,,,,,,,,,114.62999999999998
2019-04-05 10:30:00,,,,,,,,,,,114.62999999999998
2019-04-05 11:30:00,,,,,,,,,,,114.77000000000001
2019-04-05 12:30:00,,,,,,,,,,,114.82999999999998
2019-04-05 13:30:00,,,,,,,,,,,114.8
2019-04-05 14:30:00,,,,,,,,,,,114.79
2019-04-05 15:30:00,,,,,,,,,,,114.95
2019-04-08 09:30:00,,,,,,,,,,,114.71
2019-04-08 10:30:00,,,,,,,,,,,114.84
2019-04-08 11:30:00,,,,,,,,,,,114.9
2019-04-08 12:30:00,,,,,,,,,,,114.85
2019-04-08 13:30:00,,,,,,,,,,,114.88000000000001
2019-04-08 14:30:00,,,,,,,,,,,114.97999999999999
2019-04-08 15:30:00,,,,,,,,,,,115.01
2019-04-09 09:30:00,,,,,,,,,,,114.69
2019-04-09 10:30:00,,,,,,,,,,,114.5
2019-04-09 11:30:00,,,,,,,,,,,114.51999999999998
2019-04-09 12:30:00,,,,,,,,,,,114.7
2019-04-09 13:30:00,,,,,,,,,,,114.7
2019-04-09 14:30:00,,,,,,,,,,,114.34
2019-04-09 15:30:00,,,,,,,,,,,114.23
2019-04-10 09:30:00,,,,,,,,,,,114.57000000000001
2019-04-10 10:30:00,,,,,,,,,,,114.24
2019-04-10 11:30:00,,,,,,,,,,,114.42
2019-04-10 12:30:00,,,,,,,,,,,114.50999999999999
2019-04-10 13:30:00,,,,,,,,,,,114.51999999999998
2019-04-10 14:30:00,,,,,,,,,,,114.51999999999998
2019-04-10 15:30:00,,,,,,,,,,,114.69
2019-04-11 09:30:00,,,,,,,,,,,114.89
2019-04-11 10:30:00,,,,,,,,,,,115.06
2019-04-11 11:30:00,,,,,,,,,,,114.91
2019-04-11 12:30:00,,,,,,,,,,,114.91
2019-04-11 13:30:00,,,,,,,,,,,114.91
2019-04-11 14:30:00,,,,,,,,,,,114.59
2019-04-11 15:30:00,,,,,,,,,,,114.71
2019-04-12 09:30:00,,,,,,,,,,,115.45999999999998
2019-04-12 10:30:00,,,,,,,,,,,115.52
2019-04-12 11:30:00,,,,,,,,,,,115.52
2019-04-12 12:30:00,,,,,,,,,,,115.39000000000001
2019-04-12 13:30:00,,,,,,,,,,,115.39000000000001
2019-04-12 14:30:00,,,,,,,,,,,115.52
2019-04-12 15:30:00,,,,,,,,,,,115.45999999999998
2019-04-15 09:30:00,,,,,,,,,,,115.61
2019-04-15 10:30:00,,,,,,,,,,,115.43000000000002
2019-04-15 11:30:00,,,,,,,,,,,115.34999999999998
2019-04-15 12:30:00,,,,,,,,,,,115.34999999999998
2019-04-15 13:30:00,,,,,,,,,,,115.45
2019-04-15 14:30:00,,,,,,,,,,,115.41
2019-04-15 15:30:00,,,,,,,,,,,115.41
2019-04-16 09:30:00,,,,,,,,,,,115.65999999999998
2019-04-16 10:30:00,,,,,,,,,,,115.61
2019-04-16 11:30:00,,,,,,,,,,,115.53999999999999
2019-04-16 12:30:00,,,,,,,,,,,115.61
2019-04-16 13:30:00,,,,,,,,,,,115.61
2019-04-16 14:30:00,,,,,,,,,,,115.70999999999998
2019-04-16 15:30:00,,,,,,,,,,,115.80000000000001
2019-04-17 09:30:00,,,,,,,,,,,116.01999999999998
2019-04-17 10:30:00,,,,,,,,,,,115.81999999999998
2019-04-17 11:30:00,,,,,,,,,,,115.60000000000001
2019-04-17 12:30:00,,,,,,,,,,,115.60000000000001
2019-04-17 13:30:00,,,,,,,,,,,115.72
2019-04-17 14:30:00,,,,,,,,,,,115.60000000000001
2019-04-17 15:30:00,,,,,,,,,,,115.81999999999998
2019-04-18 09:30:00,,,,,,,,,,,115.78
2019-04-18 10:30:00,,,,,,,,,,,115.63
2019-04-18 11:30:00,,,,,,,,,,,115.64000000000001
2019-04-18 12:30:00,,,,,,,,,,,115.89999999999999
2019-04-18 13:30:00,,,,,,,,,,,115.93
2019-04-18 14:30:00,,,,,,,,,,,115.91000000000001
2019-04-18 15:30:00,,,,,,,,,,,115.91000000000001
2019-04-19 09:30:00,,,,,,,,,,,115.91000000000001
2019-04-19 10:30:00,,,,,,,,,,,115.91000000000001
2019-04-19 11:30:00,,,,,,,,,,,115.91000000000001
2019-04-19 12:30:00,,,,,,,,,,,115.91000000000001
2019-04-19 13:30:00,,,,,,,,,,,115.91000000000001
2019-04-19 14:30:00,,,,,,,,,,,115.91000000000001
2019-04-19 15:30:00,,,,,,,,,,,115.91000000000001
2019-04-22 09:30:00,,,,,,,,,,,115.52
2019-04-22 10:30:00,,,,,,,,,,,115.62
2019-04-22 11:30:00,,,,,,,,,,,115.70999999999998
2019-04-22 12:30:00,,,,,,,,,,,115.77
2019-04-22 13:30:00,,,,,,,,,,,115.70999999999998
2019-04-22 14:30:00,,,,,,,,,,,115.70999999999998
2019-04-22 15:30:00,,,,,,,,,,,115.67
2019-04-23 09:30:00,,,,,,,,,,,115.70999999999998
2019-04-23 10:30:00,,,,,,,,,,,115.89999999999999
2019-04-23 11:30:00,,,,,,,,,,,116.31000000000002
2019-04-23 12:30:00,,,,,,,,,,,116.31000000000002
2019-04-23 13:30:00,,,,,,,,,,,116.31000000000002
2019-04-23 14:30:00,,,,,,,,,,,116.31000000000002
2019-04-23 15:30:00,,,,,,,,,,,116.5
2019-04-24 09:30:00,,,,,,,,,,,116.31000000000002
2019-04-24 10:30:00,,,,,,,,,,,116.43
2019-04-24 11:30:00,,,,,,,,,,,116.41
2019-04-24 12:30:00,,,,,,,,,,,116.37999999999998
2019-04-24 13:30:00,,,,,,,,,,,116.37999999999998
2019-04-24 14:30:00,,,,,,,,,,,116.3
2019-04-24 15:30:00,,,,,,,,,,,116.46
2019-04-25 09:30:00,,,,,,,,,,,115.69
2019-04-25 10:30:00,,,,,,,,,,,115.22
2019-04-25 11:30:00,,,,,,,,,,,115.84
2019-04-25 12:30:00,,,,,,,,,,,115.87
2019-04-25 13:30:00,,,,,,,,,,,116.00000000000001
2019-04-25 14:30:00,,,,,,,,,,,116.00000000000001
2019-04-25 15:30:00,,,,,,,,,,,115.85999999999999
2019-04-26 09:30:00,,,,,,,,,,,115.49
2019-04-26 10:30:00,,,,,,,,,,,115.78
2019-04-26 11:30:00,,,,,,,,,,,115.78
2019-04-26 12:30:00,,,,,,,,,,,115.89
2019-04-26 13:30:00,,,,,,,,,,,115.89
2019-04-26 14:30:00,,,,,,,,,,,115.89
2019-04-26 15:30:00,,,,,,,,,,,115.98
2019-04-29 09:30:00,,,,,,,,,,,116.2
2019-04-29 10:30:00,,,,,,,,,,,116.48
2019-04-29 11:30:00,,,,,,,,,,,116.48
2019-04-29 12:30:00,,,,,,,,,,,116.77
2019-04-29 13:30:00,,,,,,,,,,,116.72
2019-04-29 14:30:00,,,,,,,,,,,116.72999999999999
2019-04-29 15:30:00,,,,,,,,,,,116.63000000000001
2019-04-30 09:30:00,,,,,,,,,,,116.54
2019-04-30 10:30:00,,,,,,,,,,,116.29
2019-04-30 11:30:00,,,,,,,,,,,116.13
2019-04-30 12:30:00,,,,,,,,,,,116.13
2019-04-30 13:30:00,,,,,,,,,,,116.36
2019-04-30 14:30:00,,,,,,,,,,,116.65
2019-04-30 15:30:00,,,,,,,,,,,116.55
2019-05-01 09:30:00,,,,,,,,,,,117.12
2019-05-01 10:30:00,,,,,,,,,,,117.08
2019-05-01 11:30:00,,,,,,,,,,,117.19000000000001
2019-05-01 12:30:00,,,,,,,,,,,117.19000000000001
2019-05-01 13:30:00,,,,,,,,,,,117.10000000000001
2019-05-01 14:30:00,,,,,,,,,,,117.10000000000001
2019-05-01 15:30:00,,,,,,,,,,,116.86
2019-05-02 09:30:00,,,,,,,,,,,116.11000000000001
2019-05-02 10:30:00,,,,,,,,,,,116.41999999999999
2019-05-02 11:30:00,,,,,,,,,,,115.68
2019-05-02 12:30:00,,,,,,,,,,,115.67
2019-05-02 13:30:00,,,,,,,,,,,115.94
2019-05-02 14:30:00,,,,,,,,,,,115.92
2019-05-02 15:30:00,,,,,,,,,,,115.89
2019-05-03 09:30:00,,,,,,,,,,,116.45
2019-05-03 10:30:00,,,,,,,,,,,116.37999999999998
2019-05-03 11:30:00,,,,,,,,,,,116.55
2019-05-03 12:30:00,,,,,,,,,,,116.83000000000001
2019-05-03 13:30:00,,,,,,,,,,,116.88999999999999
2019-05-03 14:30:00,,,,,,,,,,,116.88999999999999
2019-05-03 15:30:00,,,,,,,,,,,116.79
2019-05-06 09:30:00,,,,,,,,,,,114.93
2019-05-06 10:30:00,,,,,,,,,,,115.57
2019-05-06 11:30:00,,,,,,,,,,,115.94
2019-05-06 12:30:00,,,,,,,,,,,115.94
2019-05-06 13:30:00,,,,,,,,,,,115.84
2019-05-06 14:30:00,,,,,,,,,,,116.00000000000001
2019-05-06 15:30:00,,,,,,,,,,,116.39
2019-05-07 09:30:00,,,,,,,,,,,115.16
2019-05-07 10:30:00,,,,,,,,,,,114.97999999999999
2019-05-07 11:30:00,,,,,,,,,,,114.66
2019-05-07 12:30:00,,,,,,,,,,,114.77000000000001
2019-05-07 13:30:00,,,,,,,,,,,114.77000000000001
2019-05-07 14:30:00,,,,,,,,,,,113.87
2019-05-07 15:30:00,,,,,,,,,,,113.78
2019-05-08 09:30:00,,,,,,,,,,,114.10999999999999
2019-05-08 10:30:00,,,,,,,,,,,114.3
2019-05-08 11:30:00,,,,,,,,,,,114.50999999999999
2019-05-08 12:30:00,,,,,,,,,,,114.31999999999998
2019-05-08 13:30:00,,,,,,,,,,,114.49
2019-05-08 14:30:00,,,,,,,,,,,114.59
2019-05-08 15:30:00,,,,,,,,,,,114.7
2019-05-09 09:30:00,,,,,,,,,,,113.02000000000001
2019-05-09 10:30:00,,,,,,,,,,,112.48
2019-05-09 11:30:00,,,,,,,,,,,112.48
2019-05-09 12:30:00,,,,,,,,,,,113.23
2019-05-09 13:30:00,,,,,,,,,,,113.58000000000001
2019-05-09 14:30:00,,,,,,,,,,,113.88
2019-05-09 15:30:00,,,,,,,,,,,113.76
2019-05-10 09:30:00,,,,,,,,,,,113.4
2019-05-10 10:30:00,,,,,,,,,,,112.74
2019-05-10 11:30:00,,,,,,,,,,,112.16
2019-05-10 12:30:00,,,,,,,,,,,112.99
2019-05-10 13:30:00,,,,,,,,,,,113.45
2019-05-10 14:30:00,,,,,,,,,,,113.45
2019-05-10 15:30:00,,,,,,,,,,,114.38
2019-05-13 09:30:00,,,,,,,,,,,112.07
2019-05-13 10:30:00,,,,,,,,,,,112.07
2019-05-13 11:30:00,,,,,,,,,,,111.54
2019-05-13 12:30:00,,,,,,,,,,,111.16000000000001
2019-05-13 13:30:00,,,,,,,,,,,110.96000000000001
2019-05-13 14:30:00,,,,,,,,,,,111.49
2019-05-13 15:30:00,,,,,,,,,,,111.13
2019-05-14 09:30:00,,,,,,,,,,,111.57999999999998
2019-05-14 10:30:00,,,,,,,,,,,111.57999999999998
2019-05-14 11:30:00,,,,,,,,,,,112.50000000000001
2019-05-14 12:30:00,,,,,,,,,,,112.50000000000001
2019-05-14 13:30:00,,,,,,,,,,,112.90000000000002
2019-05-14 14:30:00,,,,,,,,,,,112.91999999999999
2019-05-14 15:30:00,,,,,,,,,,,112.68
2019-05-15 09:30:00,,,,,,,,,,,111.52000000000001
2019-05-15 10:30:00,,,,,,,,,,,112.27
2019-05-15 11:30:00,,,,,,,,,,,112.27
2019-05-15 12:30:00,,,,,,,,,,,112.27
2019-05-15 13:30:00,,,,,,,,,,,112.27
2019-05-15 14:30:00,,,,,,,,,,,112.27
2019-05-15 15:30:00,,,,,,,,,,,112.88
2019-05-16 09:30:00,,,,,,,,,,,112.91999999999999
2019-05-16 10:30:00,,,,,,,,,,,113.54
2019-05-16 11:30:00,,,,,,,,,,,113.74000000000001
2019-05-16 12:30:00,,,,,,,,,,,113.86
2019-05-16 13:30:00,,,,,,,,,,,113.66
2019-05-16 14:30:00,,,,,,,,,,,113.72
2019-05-16 15:30:00,,,,,,,,,,,113.27
2019-05-17 09:30:00,,,,,,,,,,,112.22
2019-05-17 10:30:00,,,,,,,,,,,112.94
2019-05-17 11:30:00,,,,,,,,,,,113.37000000000002
2019-05-17 12:30:00,,,,,,,,,,,113.37000000000002
2019-05-17 13:30:00,,,,,,,,,,,113.18
2019-05-17 14:30:00,,,,,,,,,,,113.11999999999999
2019-05-17 15:30:00,,,,,,,,,,,112.73
2019-05-20 09:30:00,,,,,,,,,,,111.98000000000002
2019-05-20 10:30:00,,,,,,,,,,,112.38
2019-05-20 11:30:00,,,,,,,,,,,112.31
2019-05-20 12:30:00,,,,,,,,,,,112.27
2019-05-20 13:30:00,,,,,,,,,,,112.2
2019-05-20 14:30:00,,,,,,,,,,,112.06
2019-05-20 15:30:00,,,,,,,,,,,111.88
2019-05-21 09:30:00,,,,,,,,,,,112.53
2019-05-21 10:30:00,,,,,,,,,,,112.53
2019-05-21 11:30:00,,,,,,,,,,,112.53
2019-05-21 12:30:00,,,,,,,,,,,113.07999999999998
2019-05-21 13:30:00,,,,,,,,,,,113.07999999999998
2019-05-21 14:30:00,,,,,,,,,,,113.23999999999998
2019-05-21 15:30:00,,,,,,,,,,,113.19
2019-05-22 09:30:00,,,,,,,,,,,112.64
2019-05-22 10:30:00,,,,,,,,,,,112.71000000000001
2019-05-22 11:30:00,,,,,,,,,,,112.70000000000002
2019-05-22 12:30:00,,,,,,,,,,,112.39999999999999
2019-05-22 13:30:00,,,,,,,,,,,112.34000000000002
2019-05-22 14:30:00,,,,,,,,,,,112.50000000000001
2019-05-22 15:30:00,,,,,,,,,,,112.50000000000001
2019-05-23 09:30:00,,,,,,,,,,,111.36999999999999
2019-05-23 10:30:00,,,,,,,,,,,110.89
2019-05-23 11:30:00,,,,,,,,,,,110.96000000000001
2019-05-23 12:30:00,,,,,,,,,,,110.78
2019-05-23 13:30:00,,,,,,,,,,,110.64000000000001
2019-05-23 14:30:00,,,,,,,,,,,110.56
2019-05-23 15:30:00,,,,,,,,,,,110.92
2019-05-24 09:30:00,,,,,,,,,,,111.54
2019-05-24 10:30:00,,,,,,,,,,,111.25999999999999
2019-05-24 11:30:00,,,,,,,,,,,111.25999999999999
2019-05-24 12:30:00,,,,,,,,,,,111.31000000000002
2019-05-24 13:30:00,,,,,,,,,,,111.32000000000001
2019-05-24 14:30:00,,,,,,,,,,,111.32000000000001
2019-05-24 15:30:00,,,,,,,,,,,111.41
2019-05-27 09:30:00,,,,,,,,,,,111.41
2019-05-27 10:30:00,,,,,,,,,,,111.41
2019-05-27 11:30:00,,,,,,,,,,,111.41
2019-05-27 12:30:00,,,,,,,,,,,111.41
2019-05-27 13:30:00,,,,,,,,,,,111.41
2019-05-27 14:30:00,,,,,,,,,,,111.41
2019-05-27 15:30:00,,,,,,,,,,,111.41
2019-05-28 09:30:00,,,,,,,,,,,111.37999999999998
2019-05-28 10:30:00,,,,,,,,,,,111.12
2019-05-28 11:30:00,,,,,,,,,,,110.83
2019-05-28 12:30:00,,,,,,,,,,,111.03
2019-05-28 13:30:00,,,,,,,,,,,111.03
2019-05-28 14:30:00,,,,,,,,,,,110.60000000000001
2019-05-28 15:30:00,,,,,,,,,,,110.3
2019-05-29 09:30:00,,,,,,,,,,,109.10000000000001
2019-05-29 10:30:00,,,,,,,,,,,109.57000000000001
2019-05-29 11:30:00,,,,,,,,,,,108.99
2019-05-29 12:30:00,,,,,,,,,,,108.97
2019-05-29 13:30:00,,,,,,,,,,,109.12
2019-05-29 14:30:00,,,,,,,,,,,109.05000000000001
2019-05-29 15:30:00,,,,,,,,,,,109.03999999999999
2019-05-30 09:30:00,,,,,,,,,,,109.51999999999998
2019-05-30 10:30:00,,,,,,,,,,,109.81000000000002
2019-05-30 11:30:00,,,,,,,,,,,109.34
2019-05-30 12:30:00,,,,,,,,,,,109.23
2019-05-30 13:30:00,,,,,,,,,,,109.23
2019-05-30 14:30:00,,,,,,,,,,,108.98
2019-05-30 15:30:00,,,,,,,,,,,109.02
2019-05-31 09:30:00,,,,,,,,,,,108.18
2019-05-31 10:30:00,,,,,,,,,,,108.18
2019-05-31 11:30:00,,,,,,,,,,,108.51
2019-05-31 12:30:00,,,,,,,,,,,108.51
2019-05-31 13:30:00,,,,,,,,,,,108.51
2019-05-31 14:30:00,,,,,,,,,,,108.0
2019-05-31 15:30:00,,,,,,,,,,,107.93
2019-06-03 09:30:00,,,,,,,,,,,107.91000000000001
2019-06-03 10:30:00,,,,,,,,,,,108.77
2019-06-03 11:30:00,,,,,,,,,,,108.65
2019-06-03 12:30:00,,,,,,,,,,,108.07000000000001
2019-06-03 13:30:00,,,,,,,,,,,108.27999999999999
2019-06-03 14:30:00,,,,,,,,,,,108.65
2019-06-03 15:30:00,,,,,,,,,,,108.05
2019-06-04 09:30:00,,,,,,,,,,,109.6
2019-06-04 10:30:00,,,,,,,,,,,110.17999999999999
2019-06-04 11:30:00,,,,,,,,,,,110.49999999999999
2019-06-04 12:30:00,,,,,,,,,,,110.48000000000002
2019-06-04 13:30:00,,,,,,,,,,,110.60000000000001
2019-06-04 14:30:00,,,,,,,,,,,110.64000000000001
2019-06-04 15:30:00,,,,,,,,,,,110.89
2019-06-05 09:30:00,,,,,,,,,,,111.72999999999999
2019-06-05 10:30:00,,,,,,,,,,,111.05999999999999
2019-06-05 11:30:00,,,,,,,,,,,111.37999999999998
2019-06-05 12:30:00,,,,,,,,,,,111.41
2019-06-05 13:30:00,,,,,,,,,,,111.66
2019-06-05 14:30:00,,,,,,,,,,,111.65
2019-06-05 15:30:00,,,,,,,,,,,111.5
2019-06-06 09:30:00,,,,,,,,,,,111.83000000000001
2019-06-06 10:30:00,,,,,,,,,,,111.83000000000001
2019-06-06 11:30:00,,,,,,,,,,,112.07
2019-06-06 12:30:00,,,,,,,,,,,112.07
2019-06-06 13:30:00,,,,,,,,,,,112.14000000000001
2019-06-06 14:30:00,,,,,,,,,,,112.12
2019-06-06 15:30:00,,,,,,,,,,,112.55999999999999
2019-06-07 09:30:00,,,,,,,,,,,112.82000000000001
2019-06-07 10:30:00,,,,,,,,,,,112.82000000000001
2019-06-07 11:30:00,,,,,,,,,,,113.37000000000002
2019-06-07 12:30:00,,,,,,,,,,,113.46
2019-06-07 13:30:00,,,,,,,,,,,113.46
2019-06-07 14:30:00,,,,,,,,,,,113.45
2019-06-07 15:30:00,,,,,,,,,,,113.47
2019-06-10 09:30:00,,,,,,,,,,,113.85000000000001
2019-06-10 10:30:00,,,,,,,,,,,114.24
2019-06-10 11:30:00,,,,,,,,,,,114.24
2019-06-10 12:30:00,,,,,,,,,,,114.24
2019-06-10 13:30:00,,,,,,,,,,,114.22
2019-06-10 14:30:00,,,,,,,,,,,113.93000000000002
2019-06-10 15:30:00,,,,,,,,,,,113.88
2019-06-11 09:30:00,,,,,,,,,,,114.57000000000001
2019-06-11 10:30:00,,,,,,,,,,,114.50999999999999
2019-06-11 11:30:00,,,,,,,,,,,114.38
2019-06-11 12:30:00,,,,,,,,,,,114.38
2019-06-11 13:30:00,,,,,,,,,,,113.83
2019-06-11 14:30:00,,,,,,,,,,,114.05000000000001
2019-06-11 15:30:00,,,,,,,,,,,113.88
2019-06-12 09:30:00,,,,,,,,,,,113.91
2019-06-12 10:30:00,,,,,,,,,,,113.7
2019-06-12 11:30:00,,,,,,,,,,,113.63999999999999
2019-06-12 12:30:00,,,,,,,,,,,113.58999999999999
2019-06-12 13:30:00,,,,,,,,,,,113.58999999999999
2019-06-12 14:30:00,,,,,,,,,,,113.5
2019-06-12 15:30:00,,,,,,,,,,,113.5
2019-06-13 09:30:00,,,,,,,,,,,113.93000000000002
2019-06-13 10:30:00,,,,,,,,,,,114.17
2019-06-13 11:30:00,,,,,,,,,,,114.06
2019-06-13 12:30:00,,,,,,,,,,,114.08
2019-06-13 13:30:00,,,,,,,,,,,114.31999999999998
2019-06-13 14:30:00,,,,,,,,,,,114.18
2019-06-13 15:30:00,,,,,,,,,,,113.99
2019-06-14 09:30:00,,,,,,,,,,,114.06
2019-06-14 10:30:00,,,,,,,,,,,114.06
2019-06-14 11:30:00,,,,,,,,,,,113.88
2019-06-14 12:30:00,,,,,,,,,,,113.86
2019-06-14 13:30:00,,,,,,,,,,,113.86
2019-06-14 14:30:00,,,,,,,,,,,114.05000000000001
2019-06-14 15:30:00,,,,,,,,,,,114.29000000000002
2019-06-17 09:30:00,,,,,,,,,,,114.10999999999999
2019-06-17 10:30:00,,,,,,,,,,,114.10999999999999
2019-06-17 11:30:00,,,,,,,,,,,114.20000000000002
2019-06-17 12:30:00,,,,,,,,,,,114.08
2019-06-17 13:30:00,,,,,,,,,,,114.10999999999999
2019-06-17 14:30:00,,,,,,,,,,,114.14999999999999
2019-06-17 15:30:00,,,,,,,,,,,114.04000000000002
2019-06-18 09:30:00,,,,,,,,,,,114.44
2019-06-18 10:30:00,,,,,,,,,,,115.49
2019-06-18 11:30:00,,,,,,,,,,,115.33999999999999
2019-06-18 12:30:00,,,,,,,,,,,115.33999999999999
2019-06-18 13:30:00,,,,,,,,,,,115.1
2019-06-18 14:30:00,,,,,,,,,,,115.1
2019-06-18 15:30:00,,,,,,,,,,,115.18999999999998
2019-06-19 09:30:00,,,,,,,,,,,115.34999999999998
2019-06-19 10:30:00,,,,,,,,,,,115.31
2019-06-19 11:30:00,,,,,,,,,,,115.27
2019-06-19 12:30:00,,,,,,,,,,,115.21
2019-06-19 13:30:00,,,,,,,,,,,115.21
2019-06-19 14:30:00,,,,,,,,,,,115.27
2019-06-19 15:30:00,,,,,,,,,,,115.47
2019-06-20 09:30:00,,,,,,,,,,,116.29
2019-06-20 10:30:00,,,,,,,,,,,115.98
2019-06-20 11:30:00,,,,,,,,,,,115.83
2019-06-20 12:30:00,,,,,,,,,,,115.83
2019-06-20 13:30:00,,,,,,,,,,,116.03
2019-06-20 14:30:00,,,,,,,,,,,116.11000000000001
2019-06-20 15:30:00,,,,,,,,,,,116.24
2019-06-21 09:30:00,,,,,,,,,,,116.19
2019-06-21 10:30:00,,,,,,,,,,,116.32999999999998
2019-06-21 11:30:00,,,,,,,,,,,116.55
2019-06-21 12:30:00,,,,,,,,,,,116.39
2019-06-21 13:30:00,,,,,,,,,,,116.44
2019-06-21 14:30:00,,,,,,,,,,,116.44
2019-06-21 15:30:00,,,,,,,,,,,116.44
2019-06-24 09:30:00,,,,,,,,,,,116.16999999999999
2019-06-24 10:30:00,,,,,,,,,,,116.29
2019-06-24 11:30:00,,,,,,,,,,,116.2
2019-06-24 12:30:00,,,,,,,,,,,116.11000000000001
2019-06-24 13:30:00,,,,,,,,,,,116.05999999999999
2019-06-24 14:30:00,,,,,,,,,,,116.05999999999999
2019-06-24 15:30:00,,,,,,,,,,,115.93
2019-06-25 09:30:00,,,,,,,,,,,115.94
2019-06-25 10:30:00,,,,,,,,,,,115.69
2019-06-25 11:30:00,,,,,,,,,,,115.70999999999998
2019-06-25 12:30:00,,,,,,,,,,,115.74
2019-06-25 13:30:00,,,,,,,,,,,115.64999999999999
2019-06-25 14:30:00,,,,,,,,,,,115.64999999999999
2019-06-25 15:30:00,,,,,,,,,,,115.41
2019-06-26 09:30:00,,,,,,,,,,,115.51
2019-06-26 10:30:00,,,,,,,,,,,115.54999999999998
2019-06-26 11:30:00,,,,,,,,,,,115.54999999999998
2019-06-26 12:30:00,,,,,,,,,,,115.54999999999998
2019-06-26 13:30:00,,,,,,,,,,,115.38
2019-06-26 14:30:00,,,,,,,,,,,115.36
2019-06-26 15:30:00,,,,,,,,,,,115.29999999999998
2019-06-27 09:30:00,,,,,,,,,,,115.48000000000002
2019-06-27 10:30:00,,,,,,,,,,,115.48000000000002
2019-06-27 11:30:00,,,,,,,,,,,115.48000000000002
2019-06-27 12:30:00,,,,,,,,,,,115.74
2019-06-27 13:30:00,,,,,,,,,,,115.74
2019-06-27 14:30:00,,,,,,,,,,,115.87
2019-06-27 15:30:00,,,,,,,,,,,115.69
2019-06-28 09:30:00,,,,,,,,,,,116.18
2019-06-28 10:30:00,,,,,,,,,,,116.18
2019-06-28 11:30:00,,,,,,,,,,,116.18
2019-06-28 12:30:00,,,,,,,,,,,116.54
2019-06-28 13:30:00,,,,,,,,,,,116.54
2019-06-28 14:30:00,,,,,,,,,,,116.44
2019-06-28 15:30:00,,,,,,,,,,,116.26000000000002
2019-07-01 09:30:00,,,,,,,,,,,118.05
2019-07-01 10:30:00,,,,,,,,,,,117.67
2019-07-01 11:30:00,,,,,,,,,,,117.39
2019-07-01 12:30:00,,,,,,,,,,,117.32
2019-07-01 13:30:00,,,,,,,,,,,117.10000000000001
2019-07-01 14:30:00,,,,,,,,,,,116.94000000000001
2019-07-01 15:30:00,,,,,,,,,,,117.29000000000002
2019-07-02 09:30:00,,,,,,,,,,,117.42
2019-07-02 10:30:00,,,,,,,,,,,117.50000000000001
2019-07-02 11:30:00,,,,,,,,,,,117.28
2019-07-02 12:30:00,,,,,,,,,,,117.02
2019-07-02 13:30:00,,,,,,,,,,,117.19000000000001
2019-07-02 14:30:00,,,,,,,,,,,117.33
2019-07-02 15:30:00,,,,,,,,,,,117.28
2019-07-03 09:30:00,,,,,,,,,,,117.87
2019-07-03 10:30:00,,,,,,,,,,,117.97000000000001
2019-07-03 11:30:00,,,,,,,,,,,118.07
2019-07-03 12:30:00,,,,,,,,,,,118.31
2019-07-03 13:30:00,,,,,,,,,,,118.31
2019-07-03 14:30:00,,,,,,,,,,,118.31
2019-07-03 15:30:00,,,,,,,,,,,118.31
2019-07-04 09:30:00,,,,,,,,,,,118.31
2019-07-04 10:30:00,,,,,,,,,,,118.31
2019-07-04 11:30:00,,,,,,,,,,,118.31
2019-07-04 12:30:00,,,,,,,,,,,118.31
2019-07-04 13:30:00,,,,,,,,,,,118.31
2019-07-04 14:30:00,,,,,,,,,,,118.31
2019-07-04 15:30:00,,,,,,,,,,,118.31
2019-07-05 09:30:00,,,,,,,,,,,117.97000000000001
2019-07-05 10:30:00,,,,,,,,,,,117.63
2019-07-05 11:30:00,,,,,,,,,,,117.63
2019-07-05 12:30:00,,,,,,,,,,,118.07
2019-07-05 13:30:00,,,,,,,,,,,118.2
2019-07-05 14:30:00,,,,,,,,,,,118.27
2019-07-05 15:30:00,,,,,,,,,,,118.35
2019-07-08 09:30:00,,,,,,,,,,,117.71
2019-07-08 10:30:00,,,,,,,,,,,117.78
2019-07-08 11:30:00,,,,,,,,,,,117.71
2019-07-08 12:30:00,,,,,,,,,,,117.66000000000001
2019-07-08 13:30:00,,,,,,,,,,,117.67
2019-07-08 14:30:00,,,,,,,,,,,117.55999999999999
2019-07-08 15:30:00,,,,,,,,,,,117.71
2019-07-09 09:30:00,,,,,,,,,,,117.14000000000001
2019-07-09 10:30:00,,,,,,,,,,,117.39999999999999
2019-07-09 11:30:00,,,,,,,,,,,117.50000000000001
2019-07-09 12:30:00,,,,,,,,,,,117.50000000000001
2019-07-09 13:30:00,,,,,,,,,,,117.47
2019-07-09 14:30:00,,,,,,,,,,,117.47
2019-07-09 15:30:00,,,,,,,,,,,117.44
2019-07-10 09:30:00,,,,,,,,,,,118.02000000000001
2019-07-10 10:30:00,,,,,,,,,,,118.07
2019-07-10 11:30:00,,,,,,,,,,,117.79
2019-07-10 12:30:00,,,,,,,,,,,117.96
2019-07-10 13:30:00,,,,,,,,,,,118.07999999999998
2019-07-10 14:30:00,,,,,,,,,,,117.95
2019-07-10 15:30:00,,,,,,,,,,,117.89
2019-07-11 09:30:00,,,,,,,,,,,118.31
2019-07-11 10:30:00,,,,,,,,,,,118.05
2019-07-11 11:30:00,,,,,,,,,,,118.22999999999999
2019-07-11 12:30:00,,,,,,,,,,,118.22999999999999
2019-07-11 13:30:00,,,,,,,,,,,118.22999999999999
2019-07-11 14:30:00,,,,,,,,,,,118.05
2019-07-11 15:30:00,,,,,,,,,,,118.23999999999998
2019-07-12 09:30:00,,,,,,,,,,,118.66
2019-07-12 10:30:00,,,,,,,,,,,118.66
2019-07-12 11:30:00,,,,,,,,,,,118.92
2019-07-12 12:30:00,,,,,,,,,,,118.92
2019-07-12 13:30:00,,,,,,,,,,,118.98
2019-07-12 14:30:00,,,,,,,,,,,119.03
2019-07-12 15:30:00,,,,,,,,,,,119.14999999999999
2019-07-15 09:30:00,,,,,,,,,,,119.36000000000001
2019-07-15 10:30:00,,,,,,,,,,,119.20000000000002
2019-07-15 11:30:00,,,,,,,,,,,119.20000000000002
2019-07-15 12:30:00,,,,,,,,,,,119.20000000000002
2019-07-15 13:30:00,,,,,,,,,,,118.94
2019-07-15 14:30:00,,,,,,,,,,,119.06999999999998
2019-07-15 15:30:00,,,,,,,,,,,119.05000000000001
2019-07-16 09:30:00,,,,,,,,,,,118.97
2019-07-16 10:30:00,,,,,,,,,,,119.19
2019-07-16 11:30:00,,,,,,,,,,,119.04000000000002
2019-07-16 12:30:00,,,,,,,,,,,118.77
2019-07-16 13:30:00,,,,,,,,,,,118.77
2019-07-16 14:30:00,,,,,,,,,,,118.78999999999999
2019-07-16 15:30:00,,,,,,,,,,,118.89000000000001
2019-07-17 09:30:00,,,,,,,,,,,118.72
2019-07-17 10:30:00,,,,,,,,,,,118.33000000000001
2019-07-17 11:30:00,,,,,,,,,,,118.33000000000001
2019-07-17 12:30:00,,,,,,,,,,,118.33000000000001
2019-07-17 13:30:00,,,,,,,,,,,118.32
2019-07-17 14:30:00,,,,,,,,,,,118.22000000000001
2019-07-17 15:30:00,,,,,,,,,,,117.98
2019-07-18 09:30:00,,,,,,,,,,,117.70000000000002
2019-07-18 10:30:00,,,,,,,,,,,118.05
2019-07-18 11:30:00,,,,,,,,,,,117.8
2019-07-18 12:30:00,,,,,,,,,,,118.0
2019-07-18 13:30:00,,,,,,,,,,,118.0
2019-07-18 14:30:00,,,,,,,,,,,118.34
2019-07-18 15:30:00,,,,,,,,,,,118.34
2019-07-19 09:30:00,,,,,,,,,,,118.61
2019-07-19 10:30:00,,,,,,,,,,,118.56
2019-07-19 11:30:00,,,,,,,,,,,118.47
2019-07-19 12:30:00,,,,,,,,,,,118.47
2019-07-19 13:30:00,,,,,,,,,,,118.47
2019-07-19 14:30:00,,,,,,,,,,,118.3
2019-07-19 15:30:00,,,,,,,,,,,118.14
2019-07-22 09:30:00,,,,,,,,,,,117.91999999999999
2019-07-22 10:30:00,,,,,,,,,,,117.91999999999999
2019-07-22 11:30:00,,,,,,,,,,,117.76999999999998
2019-07-22 12:30:00,,,,,,,,,,,117.96
2019-07-22 13:30:00,,,,,,,,,,,117.99
2019-07-22 14:30:00,,,,,,,,,,,117.99
2019-07-22 15:30:00,,,,,,,,,,,118.03
2019-07-23 09:30:00,,,,,,,,,,,118.46
2019-07-23 10:30:00,,,,,,,,,,,118.42
2019-07-23 11:30:00,,,,,,,,,,,118.42
2019-07-23 12:30:00,,,,,,,,,,,118.58
2019-07-23 13:30:00,,,,,,,,,,,118.58
2019-07-23 14:30:00,,,,,,,,,,,118.92
2019-07-23 15:30:00,,,,,,,,,,,119.02
2019-07-24 09:30:00,,,,,,,,,,,118.81
2019-07-24 10:30:00,,,,,,,,,,,119.29
2019-07-24 11:30:00,,,,,,,,,,,119.22
2019-07-24 12:30:00,,,,,,,,,,,119.26999999999998
2019-07-24 13:30:00,,,,,,,,,,,119.44
2019-07-24 14:30:00,,,,,,,,,,,119.54
2019-07-24 15:30:00,,,,,,,,,,,119.66999999999999
2019-07-25 09:30:00,,,,,,,,,,,119.56000000000002
2019-07-25 10:30:00,,,,,,,,,,,119.50999999999999
2019-07-25 11:30:00,,,,,,,,,,,119.46999999999998
2019-07-25 12:30:00,,,,,,,,,,,119.46999999999998
2019-07-25 13:30:00,,,,,,,,,,,119.16000000000001
2019-07-25 14:30:00,,,,,,,,,,,119.22
2019-07-25 15:30:00,,,,,,,,,,,119.10999999999999
2019-07-26 09:30:00,,,,,,,,,,,119.21000000000001
2019-07-26 10:30:00,,,,,,,,,,,119.21000000000001
2019-07-26 11:30:00,,,,,,,,,,,119.21000000000001
2019-07-26 12:30:00,,,115.66854,,,,,,,,119.21000000000001
2019-07-26 13:30:00,,,115.926674,115.66854,,,,,,,119.64
2019-07-26 14:30:00,,,115.94912,115.926674,115.66854,,,,,,119.68
2019-07-26 15:30:00,,,115.82583,115.94912,115.926674,115.66854,,,,,119.84
2019-07-30 15:30:00,119.49,115.66854,115.772385,115.82583,115.94912,115.926674,115.66854,,,,
2019-07-31 09:30:00,119.88000000000001,115.926674,115.68694,115.772385,115.82583,115.94912,115.926674,115.66854,,,
2019-07-31 10:30:00,119.62999999999998,115.94912,115.64414,115.68694,115.772385,115.82583,115.94912,115.926674,115.66854,,
2019-07-31 11:30:00,119.82999999999998,115.82583,115.14358,115.64414,115.68694,115.772385,115.82583,115.94912,115.926674,115.66854,
2019-07-31 12:30:00,119.87000000000002,115.772385,115.564896,115.14358,115.64414,115.68694,115.772385,115.82583,115.94912,115.926674,
2019-07-31 13:30:00,119.93,115.68694,115.584305,115.564896,115.14358,115.64414,115.68694,115.772385,115.82583,115.94912,
2019-07-31 14:30:00,119.61,115.64414,115.75931,115.584305,115.564896,115.14358,115.64414,115.68694,115.772385,115.82583,
2019-07-31 15:30:00,119.14999999999999,115.14358,115.19077,115.75931,115.584305,115.564896,115.14358,115.64414,115.68694,115.772385,
2019-08-01 09:30:00,118.52,115.564896,115.81519,115.19077,115.75931,115.584305,115.564896,115.14358,115.64414,115.68694,
2019-08-01 10:30:00,119.25999999999999,115.584305,115.46156,115.81519,115.19077,115.75931,115.584305,115.564896,115.14358,115.64414,
2019-08-01 11:30:00,119.50999999999999,115.75931,115.06935,115.46156,115.81519,115.19077,115.75931,115.584305,115.564896,115.14358,
2019-08-01 12:30:00,119.41000000000001,115.19077,114.989044,115.06935,115.46156,115.81519,115.19077,115.75931,115.584305,115.564896,
2019-08-01 13:30:00,118.59999999999998,115.81519,115.39177,114.989044,115.06935,115.46156,115.81519,115.19077,115.75931,115.584305,
2019-08-01 14:30:00,117.02,115.46156,115.18492,115.39177,114.989044,115.06935,115.46156,115.81519,115.19077,115.75931,
2019-08-01 15:30:00,117.16,115.06935,115.17523,115.18492,115.39177,114.989044,115.06935,115.46156,115.81519,115.19077,
2019-08-02 09:30:00,116.56,114.989044,115.075836,115.17523,115.18492,115.39177,114.989044,115.06935,115.46156,115.81519,
2019-08-02 10:30:00,115.94,115.39177,115.1047,115.075836,115.17523,115.18492,115.39177,114.989044,115.06935,115.46156,
2019-08-02 11:30:00,115.94,115.18492,115.01815,115.1047,115.075836,115.17523,115.18492,115.39177,114.989044,115.06935,
2019-08-02 12:30:00,116.13,115.17523,114.678,115.01815,115.1047,115.075836,115.17523,115.18492,115.39177,114.989044,
2019-08-02 13:30:00,115.72,115.075836,114.89099,114.678,115.01815,115.1047,115.075836,115.17523,115.18492,115.39177,
2019-08-02 14:30:00,115.72,115.1047,114.64062,114.89099,114.678,115.01815,115.1047,115.075836,115.17523,115.18492,
2019-08-02 15:30:00,116.28,115.01815,114.311554,114.64062,114.89099,114.678,115.01815,115.1047,115.075836,115.17523,
2019-08-05 09:30:00,114.33,114.678,114.34709,114.311554,114.64062,114.89099,114.678,115.01815,115.1047,115.075836,
2019-08-05 10:30:00,113.67999999999999,114.89099,114.53102,114.34709,114.311554,114.64062,114.89099,114.678,115.01815,115.1047,
2019-08-05 11:30:00,113.74000000000001,114.64062,114.26275,114.53102,114.34709,114.311554,114.64062,114.89099,114.678,115.01815,
2019-08-05 12:30:00,113.74000000000001,114.311554,114.11362,114.26275,114.53102,114.34709,114.311554,114.64062,114.89099,114.678,
2019-08-05 13:30:00,113.02000000000001,114.34709,114.102135,114.11362,114.26275,114.53102,114.34709,114.311554,114.64062,114.89099,
2019-08-05 14:30:00,112.53,114.53102,113.99472,114.102135,114.11362,114.26275,114.53102,114.34709,114.311554,114.64062,
2019-08-05 15:30:00,112.44999999999999,114.26275,113.775246,113.99472,114.102135,114.11362,114.26275,114.53102,114.34709,114.311554,
2019-08-06 09:30:00,113.42999999999999,114.11362,113.7886,113.775246,113.99472,114.102135,114.11362,114.26275,114.53102,114.34709,
2019-08-06 10:30:00,113.42999999999999,114.102135,113.87858,113.7886,113.775246,113.99472,114.102135,114.11362,114.26275,114.53102,
2019-08-06 11:30:00,112.82000000000001,113.99472,114.14312,113.87858,113.7886,113.775246,113.99472,114.102135,114.11362,114.26275,
2019-08-06 12:30:00,112.82000000000001,113.775246,114.0073,114.14312,113.87858,113.7886,113.775246,113.99472,114.102135,114.11362,
2019-08-06 13:30:00,113.19,113.7886,113.71605,114.0073,114.14312,113.87858,113.7886,113.775246,113.99472,114.102135,
2019-08-06 14:30:00,113.74999999999999,113.87858,113.28251,113.71605,114.0073,114.14312,113.87858,113.7886,113.775246,113.99472,
2019-08-06 15:30:00,113.71,114.14312,113.36064,113.28251,113.71605,114.0073,114.14312,113.87858,113.7886,113.775246,
2019-08-07 09:30:00,112.49,114.0073,113.760475,113.36064,113.28251,113.71605,114.0073,114.14312,113.87858,113.7886,
2019-08-07 10:30:00,112.44,113.71605,113.34026,113.760475,113.36064,113.28251,113.71605,114.0073,114.14312,113.87858,
2019-08-07 11:30:00,112.75999999999999,113.28251,113.77742,113.34026,113.760475,113.36064,113.28251,113.71605,114.0073,114.14312,
2019-08-07 12:30:00,112.63,113.36064,113.4878,113.77742,113.34026,113.760475,113.36064,113.28251,113.71605,114.0073,
2019-08-07 13:30:00,113.17000000000002,113.760475,113.82007,113.4878,113.77742,113.34026,113.760475,113.36064,113.28251,113.71605,
2019-08-07 14:30:00,113.5,113.34026,113.74191,113.82007,113.4878,113.77742,113.34026,113.760475,113.36064,113.28251,
2019-08-07 15:30:00,114.10000000000001,113.77742,113.78705,113.74191,113.82007,113.4878,113.77742,113.34026,113.760475,113.36064,
2019-08-08 09:30:00,114.50999999999999,113.4878,113.756256,113.78705,113.74191,113.82007,113.4878,113.77742,113.34026,113.760475,
2019-08-08 10:30:00,114.50999999999999,113.82007,113.70174,113.756256,113.78705,113.74191,113.82007,113.4878,113.77742,113.34026,
2019-08-08 11:30:00,115.17,113.74191,113.67474,113.70174,113.756256,113.78705,113.74191,113.82007,113.4878,113.77742,
2019-08-08 12:30:00,115.61,113.78705,113.11126,113.67474,113.70174,113.756256,113.78705,113.74191,113.82007,113.4878,
2019-08-08 13:30:00,115.51,113.756256,113.76648,113.11126,113.67474,113.70174,113.756256,113.78705,113.74191,113.82007,
2019-08-08 14:30:00,115.61,113.70174,113.56161,113.76648,113.11126,113.67474,113.70174,113.756256,113.78705,113.74191,
2019-08-08 15:30:00,115.62,113.67474,113.53483,113.56161,113.76648,113.11126,113.67474,113.70174,113.756256,113.78705,
2019-08-09 09:30:00,115.48000000000002,113.11126,113.04829,113.53483,113.56161,113.76648,113.11126,113.67474,113.70174,113.756256,
2019-08-09 10:30:00,114.85,113.76648,113.7113,113.04829,113.53483,113.56161,113.76648,113.11126,113.67474,113.70174,
2019-08-09 11:30:00,114.55,113.56161,113.635735,113.7113,113.04829,113.53483,113.56161,113.76648,113.11126,113.67474,
2019-08-09 12:30:00,114.53,113.53483,113.67566,113.635735,113.7113,113.04829,113.53483,113.56161,113.76648,113.11126,
2019-08-09 13:30:00,115.37,113.04829,113.40898,113.67566,113.635735,113.7113,113.04829,113.53483,113.56161,113.76648,
2019-08-09 14:30:00,115.39000000000001,113.7113,113.3886,113.40898,113.67566,113.635735,113.7113,113.04829,113.53483,113.56161,
2019-08-09 15:30:00,115.54999999999998,113.635735,113.22331,113.3886,113.40898,113.67566,113.635735,113.7113,113.04829,113.53483,
2019-08-12 09:30:00,114.46999999999998,113.67566,113.21736,113.22331,113.3886,113.40898,113.67566,113.635735,113.7113,113.04829,
2019-08-12 10:30:00,114.61999999999999,113.40898,113.15954,113.21736,113.22331,113.3886,113.40898,113.67566,113.635735,113.7113,
2019-08-12 11:30:00,114.19,113.3886,113.045906,113.15954,113.21736,113.22331,113.3886,113.40898,113.67566,113.635735,
2019-08-12 12:30:00,114.36000000000001,113.22331,112.985664,113.045906,113.15954,113.21736,113.22331,113.3886,113.40898,113.67566,
2019-08-12 13:30:00,114.36000000000001,113.21736,112.901955,112.985664,113.045906,113.15954,113.21736,113.22331,113.3886,113.40898,
2019-08-12 14:30:00,113.78999999999999,113.15954,113.31057,112.901955,112.985664,113.045906,113.15954,113.21736,113.22331,113.3886,
2019-08-12 15:30:00,113.69000000000001,113.045906,113.18133,113.31057,112.901955,112.985664,113.045906,113.15954,113.21736,113.22331,
2019-08-13 09:30:00,113.46,112.985664,113.04712,113.18133,113.31057,112.901955,112.985664,113.045906,113.15954,113.21736,
2019-08-13 10:30:00,116.16000000000001,112.901955,112.997955,113.04712,113.18133,113.31057,112.901955,112.985664,113.045906,113.15954,
2019-08-13 11:30:00,115.31,113.31057,113.21908,112.997955,113.04712,113.18133,113.31057,112.901955,112.985664,113.045906,
2019-08-13 12:30:00,115.31,113.18133,113.59065,113.21908,112.997955,113.04712,113.18133,113.31057,112.901955,112.985664,
2019-08-13 13:30:00,115.31,113.04712,113.35118,113.59065,113.21908,112.997955,113.04712,113.18133,113.31057,112.901955,
2019-08-13 14:30:00,115.75000000000001,112.997955,113.27964,113.35118,113.59065,113.21908,112.997955,113.04712,113.18133,113.31057,
2019-08-13 15:30:00,115.56,113.21908,112.977005,113.27964,113.35118,113.59065,113.21908,112.997955,113.04712,113.18133,
2019-08-14 09:30:00,113.54,113.59065,112.870224,112.977005,113.27964,113.35118,113.59065,113.21908,112.997955,113.04712,
2019-08-14 10:30:00,113.58000000000001,113.35118,112.69946,112.870224,112.977005,113.27964,113.35118,113.59065,113.21908,112.997955,
2019-08-14 11:30:00,112.91,113.27964,112.59714,112.69946,112.870224,112.977005,113.27964,113.35118,113.59065,113.21908,
2019-08-14 12:30:00,112.91,112.977005,112.60503,112.59714,112.69946,112.870224,112.977005,113.27964,113.35118,113.59065,
2019-08-14 13:30:00,112.63,112.870224,112.646904,112.60503,112.59714,112.69946,112.870224,112.977005,113.27964,113.35118,
2019-08-14 14:30:00,112.34000000000002,112.69946,112.55009,112.646904,112.60503,112.59714,112.69946,112.870224,112.977005,113.27964,
2019-08-14 15:30:00,112.04999999999998,112.59714,112.26148,112.55009,112.646904,112.60503,112.59714,112.69946,112.870224,112.977005,
2019-08-15 09:30:00,112.56999999999998,112.60503,112.030334,112.26148,112.55009,112.646904,112.60503,112.59714,112.69946,112.870224,
2019-08-15 10:30:00,112.56999999999998,112.646904,112.14369,112.030334,112.26148,112.55009,112.646904,112.60503,112.59714,112.69946,
2019-08-15 11:30:00,112.11,112.55009,112.12453,112.14369,112.030334,112.26148,112.55009,112.646904,112.60503,112.59714,
2019-08-15 12:30:00,112.2,112.26148,112.08277,112.12453,112.14369,112.030334,112.26148,112.55009,112.646904,112.60503,
2019-08-15 13:30:00,112.02,112.030334,112.66066,112.08277,112.12453,112.14369,112.030334,112.26148,112.55009,112.646904,
2019-08-15 14:30:00,111.7,112.14369,112.700455,112.66066,112.08277,112.12453,112.14369,112.030334,112.26148,112.55009,
2019-08-15 15:30:00,112.07,112.12453,112.74578,112.700455,112.66066,112.08277,112.12453,112.14369,112.030334,112.26148,
2019-08-16 09:30:00,112.82000000000001,112.08277,112.66167,112.74578,112.700455,112.66066,112.08277,112.12453,112.14369,112.030334,
2019-08-16 10:30:00,113.36,112.66066,112.28799,112.66167,112.74578,112.700455,112.66066,112.08277,112.12453,112.14369,
2019-08-16 11:30:00,113.83999999999999,112.700455,112.69593,112.28799,112.66167,112.74578,112.700455,112.66066,112.08277,112.12453,
2019-08-16 12:30:00,113.82,112.74578,112.66571,112.69593,112.28799,112.66167,112.74578,112.700455,112.66066,112.08277,
2019-08-16 13:30:00,114.08,112.66167,112.900345,112.66571,112.69593,112.28799,112.66167,112.74578,112.700455,112.66066,
2019-08-16 14:30:00,113.93000000000002,112.28799,112.85963,112.900345,112.66571,112.69593,112.28799,112.66167,112.74578,112.700455,
2019-08-16 15:30:00,113.87,112.69593,112.87063,112.85963,112.900345,112.66571,112.69593,112.28799,112.66167,112.74578,
2019-08-19 09:30:00,115.47,112.66571,112.637726,112.87063,112.85963,112.900345,112.66571,112.69593,112.28799,112.66167,
2019-08-19 10:30:00,115.47,112.900345,112.7365,112.637726,112.87063,112.85963,112.900345,112.66571,112.69593,112.28799,
2019-08-19 11:30:00,115.47,112.85963,112.85574,112.7365,112.637726,112.87063,112.85963,112.900345,112.66571,112.69593,
2019-08-19 12:30:00,115.47,112.87063,112.73087,112.85574,112.7365,112.637726,112.87063,112.85963,112.900345,112.66571,
2019-08-19 13:30:00,115.62,112.637726,113.21252,112.73087,112.85574,112.7365,112.637726,112.87063,112.85963,112.900345,
2019-08-19 14:30:00,115.49999999999999,112.7365,113.07599,113.21252,112.73087,112.85574,112.7365,112.637726,112.87063,112.85963,
2019-08-19 15:30:00,115.51,112.85574,113.05991,113.07599,113.21252,112.73087,112.85574,112.7365,112.637726,112.87063,
2019-08-20 09:30:00,115.08000000000001,112.73087,112.94851,113.05991,113.07599,113.21252,112.73087,112.85574,112.7365,112.637726,
2019-08-20 10:30:00,114.79,113.21252,112.60815,112.94851,113.05991,113.07599,113.21252,112.73087,112.85574,112.7365,
2019-08-20 11:30:00,115.07,113.07599,112.73333,112.60815,112.94851,113.05991,113.07599,113.21252,112.73087,112.85574,
2019-08-20 12:30:00,115.07,113.05991,113.21794,112.73333,112.60815,112.94851,113.05991,113.07599,113.21252,112.73087,
2019-08-20 13:30:00,114.92000000000002,112.94851,113.26134,113.21794,112.73333,112.60815,112.94851,113.05991,113.07599,113.21252,
2019-08-20 14:30:00,114.65,112.60815,113.13887,113.26134,113.21794,112.73333,112.60815,112.94851,113.05991,113.07599,
2019-08-20 15:30:00,114.68,112.73333,113.06469,113.13887,113.26134,113.21794,112.73333,112.60815,112.94851,113.05991,
2019-08-21 09:30:00,115.37,113.21794,112.583176,113.06469,113.13887,113.26134,113.21794,112.73333,112.60815,112.94851,
2019-08-21 10:30:00,115.12000000000002,113.26134,113.03155,112.583176,113.06469,113.13887,113.26134,113.21794,112.73333,112.60815,
2019-08-21 11:30:00,115.23000000000002,113.13887,112.911705,113.03155,112.583176,113.06469,113.13887,113.26134,113.21794,112.73333,
2019-08-21 12:30:00,115.23000000000002,113.06469,113.47445,112.911705,113.03155,112.583176,113.06469,113.13887,113.26134,113.21794,
2019-08-21 13:30:00,115.23000000000002,112.583176,113.37355,113.47445,112.911705,113.03155,112.583176,113.06469,113.13887,113.26134,
2019-08-21 14:30:00,115.23000000000002,113.03155,113.26211,113.37355,113.47445,112.911705,113.03155,112.583176,113.06469,113.13887,
2019-08-21 15:30:00,115.21,112.911705,113.116425,113.26211,113.37355,113.47445,112.911705,113.03155,112.583176,113.06469,
2019-08-22 09:30:00,115.57,113.47445,113.03481,113.116425,113.26211,113.37355,113.47445,112.911705,113.03155,112.583176,
2019-08-22 10:30:00,115.25,113.37355,112.71558,113.03481,113.116425,113.26211,113.37355,113.47445,112.911705,113.03155,
2019-08-22 11:30:00,115.1,113.26211,112.82158,112.71558,113.03481,113.116425,113.26211,113.37355,113.47445,112.911705,
2019-08-22 12:30:00,115.1,113.116425,113.06066,112.82158,112.71558,113.03481,113.116425,113.26211,113.37355,113.47445,
2019-08-22 13:30:00,115.51,113.03481,113.00397,113.06066,112.82158,112.71558,113.03481,113.116425,113.26211,113.37355,
2019-08-22 14:30:00,115.38,112.71558,112.99428,113.00397,113.06066,112.82158,112.71558,113.03481,113.116425,113.26211,
2019-08-22 15:30:00,115.45999999999998,112.82158,112.46129,112.99428,113.00397,113.06066,112.82158,112.71558,113.03481,113.116425,
2019-08-23 09:30:00,114.56000000000002,113.06066,112.779236,112.46129,112.99428,113.00397,113.06066,112.82158,112.71558,113.03481,
2019-08-23 10:30:00,114.84,113.00397,112.381516,112.779236,112.46129,112.99428,113.00397,113.06066,112.82158,112.71558,
2019-08-23 11:30:00,113.51,112.99428,,112.381516,112.779236,112.46129,112.99428,113.00397,113.06066,112.82158,
2019-08-23 12:30:00,113.11,112.46129,,,112.381516,112.779236,112.46129,112.99428,113.00397,113.06066,
2019-08-23 13:30:00,112.71999999999998,112.779236,,,,112.381516,112.779236,112.46129,112.99428,113.00397,
2019-08-23 14:30:00,112.91,112.381516,,,,,112.381516,112.779236,112.46129,112.99428,
