,true_train_price,true_test_price,pred_from_gen
2018-03-19 09:30:00,109.01,,
2018-03-19 10:30:00,108.66,,
2018-03-19 11:30:00,108.38000000000001,,
2018-03-19 12:30:00,108.06000000000002,,
2018-03-19 13:30:00,107.48,,
2018-03-19 14:30:00,107.68000000000002,,
2018-03-19 15:30:00,107.63000000000001,,
2018-03-20 09:30:00,108.27,,
2018-03-20 10:30:00,108.21,,
2018-03-20 11:30:00,108.12,,
2018-03-20 12:30:00,107.99,,
2018-03-20 13:30:00,107.84000000000002,,
2018-03-20 14:30:00,107.90000000000002,,
2018-03-20 15:30:00,107.99999999999999,,
2018-03-21 09:30:00,107.85999999999999,,
2018-03-21 10:30:00,107.91999999999999,,
2018-03-21 11:30:00,108.21,,
2018-03-21 12:30:00,108.54,,
2018-03-21 13:30:00,108.44000000000001,,
2018-03-21 14:30:00,108.57,,
2018-03-21 15:30:00,108.44999999999999,,
2018-03-22 09:30:00,107.05,,
2018-03-22 10:30:00,107.16,,
2018-03-22 11:30:00,106.75,,
2018-03-22 12:30:00,107.16,,
2018-03-22 13:30:00,107.23000000000002,,
2018-03-22 14:30:00,106.49999999999999,,
2018-03-22 15:30:00,106.02,,
2018-03-23 09:30:00,105.76,,
2018-03-23 10:30:00,105.72,,
2018-03-23 11:30:00,105.51999999999998,,
2018-03-23 12:30:00,105.21999999999998,,
2018-03-23 13:30:00,105.42000000000002,,
2018-03-23 14:30:00,105.03,,
2018-03-23 15:30:00,103.88,,
2018-03-26 09:30:00,104.82,,
2018-03-26 10:30:00,104.52999999999999,,
2018-03-26 11:30:00,104.14999999999999,,
2018-03-26 12:30:00,104.14999999999999,,
2018-03-26 13:30:00,104.68999999999998,,
2018-03-26 14:30:00,105.21999999999998,,
2018-03-26 15:30:00,105.63,,
2018-03-27 09:30:00,105.88999999999999,,
2018-03-27 10:30:00,105.69,,
2018-03-27 11:30:00,106.03999999999999,,
2018-03-27 12:30:00,106.38,,
2018-03-27 13:30:00,106.41999999999999,,
2018-03-27 14:30:00,105.95000000000002,,
2018-03-27 15:30:00,104.7,,
2018-03-28 09:30:00,105.17,,
2018-03-28 10:30:00,105.09,,
2018-03-28 11:30:00,104.81,,
2018-03-28 12:30:00,105.29,,
2018-03-28 13:30:00,105.03,,
2018-03-28 14:30:00,104.97999999999999,,
2018-03-28 15:30:00,105.04000000000002,,
2018-03-29 09:30:00,105.21000000000001,,
2018-03-29 10:30:00,105.37,,
2018-03-29 11:30:00,105.66000000000001,,
2018-03-29 12:30:00,105.74999999999999,,
2018-03-29 13:30:00,105.77,,
2018-03-29 14:30:00,106.03999999999999,,
2018-03-29 15:30:00,106.12999999999998,,
2018-03-30 09:30:00,106.12999999999998,,
2018-03-30 10:30:00,106.12999999999998,,
2018-03-30 11:30:00,106.12999999999998,,
2018-03-30 12:30:00,106.12999999999998,,
2018-03-30 13:30:00,106.12999999999998,,
2018-03-30 14:30:00,106.12999999999998,,
2018-03-30 15:30:00,106.12999999999998,,
2018-04-02 09:30:00,105.59999999999998,,
2018-04-02 10:30:00,105.12000000000002,,
2018-04-02 11:30:00,104.38999999999999,,
2018-04-02 12:30:00,103.69999999999999,,
2018-04-02 13:30:00,103.24,,
2018-04-02 14:30:00,102.97,,
2018-04-02 15:30:00,103.32,,
2018-04-03 09:30:00,104.12,,
2018-04-03 10:30:00,103.92000000000002,,
2018-04-03 11:30:00,104.46999999999998,,
2018-04-03 12:30:00,104.46999999999998,,
2018-04-03 13:30:00,104.54999999999998,,
2018-04-03 14:30:00,104.09,,
2018-04-03 15:30:00,105.24,,
2018-04-04 09:30:00,103.68000000000002,,
2018-04-04 10:30:00,104.44,,
2018-04-04 11:30:00,104.93,,
2018-04-04 12:30:00,105.26,,
2018-04-04 13:30:00,104.95,,
2018-04-04 14:30:00,105.72,,
2018-04-04 15:30:00,106.25999999999999,,
2018-04-05 09:30:00,106.69,,
2018-04-05 10:30:00,106.83,,
2018-04-05 11:30:00,107.23000000000002,,
2018-04-05 12:30:00,107.18,,
2018-04-05 13:30:00,106.89,,
2018-04-05 14:30:00,106.99,,
2018-04-05 15:30:00,107.26,,
2018-04-06 09:30:00,106.28,,
2018-04-06 10:30:00,106.53,,
2018-04-06 11:30:00,105.94,,
2018-04-06 12:30:00,105.64,,
2018-04-06 13:30:00,105.99,,
2018-04-06 14:30:00,104.87,,
2018-04-06 15:30:00,104.52999999999999,,
2018-04-09 09:30:00,105.45999999999998,,
2018-04-09 10:30:00,105.72999999999999,,
2018-04-09 11:30:00,106.20999999999998,,
2018-04-09 12:30:00,106.28,,
2018-04-09 13:30:00,106.57999999999998,,
2018-04-09 14:30:00,106.38,,
2018-04-09 15:30:00,106.08,,
2018-04-10 09:30:00,106.65,,
2018-04-10 10:30:00,106.91,,
2018-04-10 11:30:00,107.00999999999999,,
2018-04-10 12:30:00,106.43,,
2018-04-10 13:30:00,107.00999999999999,,
2018-04-10 14:30:00,107.02999999999999,,
2018-04-10 15:30:00,106.98,,
2018-04-11 09:30:00,106.12,,
2018-04-11 10:30:00,106.54000000000002,,
2018-04-11 11:30:00,106.51,,
2018-04-11 12:30:00,106.51,,
2018-04-11 13:30:00,106.63,,
2018-04-11 14:30:00,106.65999999999998,,
2018-04-11 15:30:00,106.39,,
2018-04-12 09:30:00,106.85,,
2018-04-12 10:30:00,107.27,,
2018-04-12 11:30:00,107.21,,
2018-04-12 12:30:00,107.24999999999999,,
2018-04-12 13:30:00,106.85,,
2018-04-12 14:30:00,107.38,,
2018-04-12 15:30:00,107.55000000000001,,
2018-04-13 09:30:00,107.66,,
2018-04-13 10:30:00,106.83,,
2018-04-13 11:30:00,106.95999999999998,,
2018-04-13 12:30:00,107.00999999999999,,
2018-04-13 13:30:00,107.21,,
2018-04-13 14:30:00,106.94000000000001,,
2018-04-13 15:30:00,106.44,,
2018-04-16 09:30:00,107.43,,
2018-04-16 10:30:00,107.61000000000001,,
2018-04-16 11:30:00,107.58,,
2018-04-16 12:30:00,107.67,,
2018-04-16 13:30:00,108.04,,
2018-04-16 14:30:00,107.91,,
2018-04-16 15:30:00,107.87,,
2018-04-17 09:30:00,108.19,,
2018-04-17 10:30:00,108.2,,
2018-04-17 11:30:00,108.44000000000001,,
2018-04-17 12:30:00,108.36999999999999,,
2018-04-17 13:30:00,108.23999999999998,,
2018-04-17 14:30:00,108.17,,
2018-04-17 15:30:00,108.44999999999999,,
2018-04-18 09:30:00,108.48,,
2018-04-18 10:30:00,108.58,,
2018-04-18 11:30:00,108.68,,
2018-04-18 12:30:00,108.47,,
2018-04-18 13:30:00,108.51000000000002,,
2018-04-18 14:30:00,108.54,,
2018-04-18 15:30:00,108.41,,
2018-04-19 09:30:00,108.13,,
2018-04-19 10:30:00,108.11,,
2018-04-19 11:30:00,107.99999999999999,,
2018-04-19 12:30:00,107.99999999999999,,
2018-04-19 13:30:00,107.48,,
2018-04-19 14:30:00,107.61999999999999,,
2018-04-19 15:30:00,107.73,,
2018-04-20 09:30:00,107.97,,
2018-04-20 10:30:00,107.8,,
2018-04-20 11:30:00,107.31000000000002,,
2018-04-20 12:30:00,107.18,,
2018-04-20 13:30:00,107.4,,
2018-04-20 14:30:00,107.45,,
2018-04-20 15:30:00,107.08999999999999,,
2018-04-23 09:30:00,107.43,,
2018-04-23 10:30:00,107.35,,
2018-04-23 11:30:00,107.69000000000001,,
2018-04-23 12:30:00,107.48999999999998,,
2018-04-23 13:30:00,107.48,,
2018-04-23 14:30:00,107.21,,
2018-04-23 15:30:00,107.39000000000001,,
2018-04-24 09:30:00,108.03,,
2018-04-24 10:30:00,108.01,,
2018-04-24 11:30:00,108.09,,
2018-04-24 12:30:00,107.6,,
2018-04-24 13:30:00,106.83,,
2018-04-24 14:30:00,106.29,,
2018-04-24 15:30:00,106.51,,
2018-04-25 09:30:00,106.55,,
2018-04-25 10:30:00,106.47,,
2018-04-25 11:30:00,106.54000000000002,,
2018-04-25 12:30:00,106.43,,
2018-04-25 13:30:00,106.65,,
2018-04-25 14:30:00,106.73,,
2018-04-25 15:30:00,107.14,,
2018-04-26 09:30:00,106.94999999999999,,
2018-04-26 10:30:00,107.00999999999999,,
2018-04-26 11:30:00,106.98,,
2018-04-26 12:30:00,106.98,,
2018-04-26 13:30:00,107.36,,
2018-04-26 14:30:00,107.55000000000001,,
2018-04-26 15:30:00,107.45,,
2018-04-27 09:30:00,107.24999999999999,,
2018-04-27 10:30:00,107.48999999999998,,
2018-04-27 11:30:00,107.53999999999999,,
2018-04-27 12:30:00,107.61000000000001,,
2018-04-27 13:30:00,107.70999999999998,,
2018-04-27 14:30:00,107.63000000000001,,
2018-04-27 15:30:00,107.61999999999999,,
2018-04-30 09:30:00,107.72,,
2018-04-30 10:30:00,107.64,,
2018-04-30 11:30:00,107.64,,
2018-04-30 12:30:00,107.32000000000001,,
2018-04-30 13:30:00,107.31000000000002,,
2018-04-30 14:30:00,107.04,,
2018-04-30 15:30:00,106.77,,
2018-05-01 09:30:00,106.14,,
2018-05-01 10:30:00,105.79000000000002,,
2018-05-01 11:30:00,105.58999999999999,,
2018-05-01 12:30:00,105.62,,
2018-05-01 13:30:00,105.32,,
2018-05-01 14:30:00,105.94,,
2018-05-01 15:30:00,105.85,,
2018-05-02 09:30:00,105.9,,
2018-05-02 10:30:00,105.61,,
2018-05-02 11:30:00,105.61,,
2018-05-02 12:30:00,105.61,,
2018-05-02 13:30:00,105.61,,
2018-05-02 14:30:00,106.01,,
2018-05-02 15:30:00,105.37,,
2018-05-03 09:30:00,104.86,,
2018-05-03 10:30:00,104.01,,
2018-05-03 11:30:00,103.76000000000002,,
2018-05-03 12:30:00,103.91,,
2018-05-03 13:30:00,104.60999999999999,,
2018-05-03 14:30:00,104.89999999999999,,
2018-05-03 15:30:00,104.84999999999998,,
2018-05-04 09:30:00,104.26,,
2018-05-04 10:30:00,105.07000000000001,,
2018-05-04 11:30:00,105.54,,
2018-05-04 12:30:00,105.54,,
2018-05-04 13:30:00,105.91,,
2018-05-04 14:30:00,106.23,,
2018-05-04 15:30:00,106.15,,
2018-05-07 09:30:00,106.12,,
2018-05-07 10:30:00,106.33000000000001,,
2018-05-07 11:30:00,106.33000000000001,,
2018-05-07 12:30:00,106.36,,
2018-05-07 13:30:00,106.37,,
2018-05-07 14:30:00,106.37,,
2018-05-07 15:30:00,105.99,,
2018-05-08 09:30:00,105.86,,
2018-05-08 10:30:00,105.86,,
2018-05-08 11:30:00,105.96,,
2018-05-08 12:30:00,105.72999999999999,,
2018-05-08 13:30:00,105.84,,
2018-05-08 14:30:00,105.78,,
2018-05-08 15:30:00,105.9,,
2018-05-09 09:30:00,106.32,,
2018-05-09 10:30:00,106.55,,
2018-05-09 11:30:00,106.55,,
2018-05-09 12:30:00,106.78999999999999,,
2018-05-09 13:30:00,107.14,,
2018-05-09 14:30:00,107.05,,
2018-05-09 15:30:00,106.98,,
2018-05-10 09:30:00,107.34,,
2018-05-10 10:30:00,107.47000000000001,,
2018-05-10 11:30:00,107.69999999999999,,
2018-05-10 12:30:00,108.05,,
2018-05-10 13:30:00,107.91,,
2018-05-10 14:30:00,108.01,,
2018-05-10 15:30:00,107.83,,
2018-05-11 09:30:00,108.17,,
2018-05-11 10:30:00,108.38000000000001,,
2018-05-11 11:30:00,108.36,,
2018-05-11 12:30:00,108.36,,
2018-05-11 13:30:00,108.36,,
2018-05-11 14:30:00,108.23,,
2018-05-11 15:30:00,108.26,,
2018-05-14 09:30:00,108.60999999999999,,
2018-05-14 10:30:00,108.75000000000001,,
2018-05-14 11:30:00,108.60999999999999,,
2018-05-14 12:30:00,108.57,,
2018-05-14 13:30:00,108.57,,
2018-05-14 14:30:00,108.44000000000001,,
2018-05-14 15:30:00,108.52999999999999,,
2018-05-15 09:30:00,108.01,,
2018-05-15 10:30:00,107.85999999999999,,
2018-05-15 11:30:00,108.13,,
2018-05-15 12:30:00,107.87,,
2018-05-15 13:30:00,107.85000000000001,,
2018-05-15 14:30:00,108.03,,
2018-05-15 15:30:00,107.77000000000001,,
2018-05-16 09:30:00,107.90000000000002,,
2018-05-16 10:30:00,108.27,,
2018-05-16 11:30:00,108.13,,
2018-05-16 12:30:00,108.58,,
2018-05-16 13:30:00,108.57,,
2018-05-16 14:30:00,108.67000000000002,,
2018-05-16 15:30:00,108.67000000000002,,
2018-05-17 09:30:00,108.35,,
2018-05-17 10:30:00,108.81000000000002,,
2018-05-17 11:30:00,108.89999999999999,,
2018-05-17 12:30:00,108.89999999999999,,
2018-05-17 13:30:00,108.76999999999998,,
2018-05-17 14:30:00,108.66,,
2018-05-17 15:30:00,108.5,,
2018-05-18 09:30:00,108.42,,
2018-05-18 10:30:00,108.33,,
2018-05-18 11:30:00,108.19,,
2018-05-18 12:30:00,108.14999999999999,,
2018-05-18 13:30:00,108.18,,
2018-05-18 14:30:00,108.2,,
2018-05-18 15:30:00,108.14999999999999,,
2018-05-21 09:30:00,108.7,,
2018-05-21 10:30:00,108.95,,
2018-05-21 11:30:00,108.84,,
2018-05-21 12:30:00,108.94,,
2018-05-21 13:30:00,108.95,,
2018-05-21 14:30:00,108.92,,
2018-05-21 15:30:00,108.82,,
2018-05-22 09:30:00,109.03999999999999,,
2018-05-22 10:30:00,109.26000000000002,,
2018-05-22 11:30:00,109.46,,
2018-05-22 12:30:00,109.37,,
2018-05-22 13:30:00,109.32,,
2018-05-22 14:30:00,109.33,,
2018-05-22 15:30:00,108.89999999999999,,
2018-05-23 09:30:00,108.15999999999998,,
2018-05-23 10:30:00,108.22000000000001,,
2018-05-23 11:30:00,108.14999999999999,,
2018-05-23 12:30:00,107.97,,
2018-05-23 13:30:00,108.1,,
2018-05-23 14:30:00,108.31,,
2018-05-23 15:30:00,108.43000000000002,,
2018-05-24 09:30:00,108.19,,
2018-05-24 10:30:00,107.66,,
2018-05-24 11:30:00,107.93,,
2018-05-24 12:30:00,108.07,,
2018-05-24 13:30:00,108.07,,
2018-05-24 14:30:00,108.2,,
2018-05-24 15:30:00,108.21,,
2018-05-25 09:30:00,107.79,,
2018-05-25 10:30:00,107.77999999999999,,
2018-05-25 11:30:00,107.77999999999999,,
2018-05-25 12:30:00,107.56,,
2018-05-25 13:30:00,107.43,,
2018-05-25 14:30:00,107.55000000000001,,
2018-05-25 15:30:00,107.64,,
2018-05-28 09:30:00,107.64,,
2018-05-28 10:30:00,107.64,,
2018-05-28 11:30:00,107.64,,
2018-05-28 12:30:00,107.64,,
2018-05-28 13:30:00,107.64,,
2018-05-28 14:30:00,107.64,,
2018-05-28 15:30:00,107.64,,
2018-05-29 09:30:00,106.77,,
2018-05-29 10:30:00,106.9,,
2018-05-29 11:30:00,106.55,,
2018-05-29 12:30:00,106.55,,
2018-05-29 13:30:00,105.92,,
2018-05-29 14:30:00,105.82000000000001,,
2018-05-29 15:30:00,105.7,,
2018-05-30 09:30:00,106.83,,
2018-05-30 10:30:00,106.83,,
2018-05-30 11:30:00,107.29,,
2018-05-30 12:30:00,107.29,,
2018-05-30 13:30:00,107.85000000000001,,
2018-05-30 14:30:00,107.88,,
2018-05-30 15:30:00,107.74,,
2018-05-31 09:30:00,107.47000000000001,,
2018-05-31 10:30:00,107.12,,
2018-05-31 11:30:00,107.18,,
2018-05-31 12:30:00,107.18,,
2018-05-31 13:30:00,107.18,,
2018-05-31 14:30:00,106.85,,
2018-05-31 15:30:00,107.0,,
2018-06-01 09:30:00,107.42,,
2018-06-01 10:30:00,107.69000000000001,,
2018-06-01 11:30:00,107.69000000000001,,
2018-06-01 12:30:00,107.69000000000001,,
2018-06-01 13:30:00,107.77999999999999,,
2018-06-01 14:30:00,107.6,,
2018-06-01 15:30:00,107.52,,
2018-06-04 09:30:00,107.99999999999999,,
2018-06-04 10:30:00,107.91999999999999,,
2018-06-04 11:30:00,107.81,,
2018-06-04 12:30:00,107.81,,
2018-06-04 13:30:00,107.81,,
2018-06-04 14:30:00,107.81,,
2018-06-04 15:30:00,107.85999999999999,,
2018-06-05 09:30:00,107.67,,
2018-06-05 10:30:00,107.82,,
2018-06-05 11:30:00,107.82,,
2018-06-05 12:30:00,107.56999999999998,,
2018-06-05 13:30:00,107.75,,
2018-06-05 14:30:00,107.8,,
2018-06-05 15:30:00,107.67,,
2018-06-06 09:30:00,107.96,,
2018-06-06 10:30:00,107.91999999999999,,
2018-06-06 11:30:00,108.15999999999998,,
2018-06-06 12:30:00,108.28999999999999,,
2018-06-06 13:30:00,108.38000000000001,,
2018-06-06 14:30:00,108.41,,
2018-06-06 15:30:00,108.56,,
2018-06-07 09:30:00,108.93,,
2018-06-07 10:30:00,109.21000000000001,,
2018-06-07 11:30:00,109.26000000000002,,
2018-06-07 12:30:00,109.34000000000002,,
2018-06-07 13:30:00,109.11,,
2018-06-07 14:30:00,109.17,,
2018-06-07 15:30:00,109.19,,
2018-06-08 09:30:00,109.09,,
2018-06-08 10:30:00,109.15,,
2018-06-08 11:30:00,109.13000000000001,,
2018-06-08 12:30:00,109.43,,
2018-06-08 13:30:00,109.42000000000002,,
2018-06-08 14:30:00,109.42000000000002,,
2018-06-08 15:30:00,109.47,,
2018-06-11 09:30:00,109.69,,
2018-06-11 10:30:00,109.94,,
2018-06-11 11:30:00,109.80999999999999,,
2018-06-11 12:30:00,110.02,,
2018-06-11 13:30:00,110.02,,
2018-06-11 14:30:00,109.94,,
2018-06-11 15:30:00,110.04,,
2018-06-12 09:30:00,109.78,,
2018-06-12 10:30:00,109.81999999999998,,
2018-06-12 11:30:00,109.80000000000001,,
2018-06-12 12:30:00,109.81999999999998,,
2018-06-12 13:30:00,109.61,,
2018-06-12 14:30:00,109.46,,
2018-06-12 15:30:00,109.59,,
2018-06-13 09:30:00,109.59,,
2018-06-13 10:30:00,109.68,,
2018-06-13 11:30:00,109.55,,
2018-06-13 12:30:00,109.55,,
2018-06-13 13:30:00,109.50000000000001,,
2018-06-13 14:30:00,109.34000000000002,,
2018-06-13 15:30:00,109.37,,
2018-06-14 09:30:00,109.47,,
2018-06-14 10:30:00,109.26000000000002,,
2018-06-14 11:30:00,109.05999999999999,,
2018-06-14 12:30:00,109.1,,
2018-06-14 13:30:00,109.17,,
2018-06-14 14:30:00,109.17,,
2018-06-14 15:30:00,109.11,,
2018-06-15 09:30:00,108.76999999999998,,
2018-06-15 10:30:00,108.44000000000001,,
2018-06-15 11:30:00,108.52000000000001,,
2018-06-15 12:30:00,108.58,,
2018-06-15 13:30:00,108.68,,
2018-06-15 14:30:00,109.08,,
2018-06-15 15:30:00,108.97000000000001,,
2018-06-18 09:30:00,108.28999999999999,,
2018-06-18 10:30:00,108.43000000000002,,
2018-06-18 11:30:00,108.63,,
2018-06-18 12:30:00,108.4,,
2018-06-18 13:30:00,108.59000000000002,,
2018-06-18 14:30:00,108.62,,
2018-06-18 15:30:00,108.5,,
2018-06-19 09:30:00,107.70999999999998,,
2018-06-19 10:30:00,107.90000000000002,,
2018-06-19 11:30:00,108.28,,
2018-06-19 12:30:00,108.27,,
2018-06-19 13:30:00,108.06000000000002,,
2018-06-19 14:30:00,108.38000000000001,,
2018-06-19 15:30:00,108.33,,
2018-06-20 09:30:00,108.60999999999999,,
2018-06-20 10:30:00,108.27,,
2018-06-20 11:30:00,108.27,,
2018-06-20 12:30:00,108.36999999999999,,
2018-06-20 13:30:00,108.44000000000001,,
2018-06-20 14:30:00,108.47,,
2018-06-20 15:30:00,108.47,,
2018-06-21 09:30:00,108.13,,
2018-06-21 10:30:00,107.8,,
2018-06-21 11:30:00,107.99999999999999,,
2018-06-21 12:30:00,107.89,,
2018-06-21 13:30:00,108.02,,
2018-06-21 14:30:00,108.02,,
2018-06-21 15:30:00,107.74,,
2018-06-22 09:30:00,108.55,,
2018-06-22 10:30:00,108.58,,
2018-06-22 11:30:00,108.66,,
2018-06-22 12:30:00,108.66,,
2018-06-22 13:30:00,108.60000000000001,,
2018-06-22 14:30:00,108.52000000000001,,
2018-06-22 15:30:00,108.47,,
2018-06-25 09:30:00,108.07,,
2018-06-25 10:30:00,107.48999999999998,,
2018-06-25 11:30:00,107.15000000000002,,
2018-06-25 12:30:00,107.22,,
2018-06-25 13:30:00,107.24999999999999,,
2018-06-25 14:30:00,107.24,,
2018-06-25 15:30:00,106.98,,
2018-06-26 09:30:00,107.47000000000001,,
2018-06-26 10:30:00,107.21,,
2018-06-26 11:30:00,107.38,,
2018-06-26 12:30:00,107.46,,
2018-06-26 13:30:00,107.46,,
2018-06-26 14:30:00,107.63000000000001,,
2018-06-26 15:30:00,107.56,,
2018-06-27 09:30:00,107.59,,
2018-06-27 10:30:00,108.27,,
2018-06-27 11:30:00,107.88,,
2018-06-27 12:30:00,108.07999999999998,,
2018-06-27 13:30:00,107.55000000000001,,
2018-06-27 14:30:00,107.3,,
2018-06-27 15:30:00,107.31000000000002,,
2018-06-28 09:30:00,107.05,,
2018-06-28 10:30:00,106.77,,
2018-06-28 11:30:00,107.23000000000002,,
2018-06-28 12:30:00,106.95999999999998,,
2018-06-28 13:30:00,107.24999999999999,,
2018-06-28 14:30:00,107.46,,
2018-06-28 15:30:00,107.53999999999999,,
2018-06-29 09:30:00,107.81,,
2018-06-29 10:30:00,108.11,,
2018-06-29 11:30:00,108.42,,
2018-06-29 12:30:00,108.36999999999999,,
2018-06-29 13:30:00,108.23999999999998,,
2018-06-29 14:30:00,108.11,,
2018-06-29 15:30:00,107.93999999999998,,
2018-07-02 09:30:00,106.83,,
2018-07-02 10:30:00,106.94000000000001,,
2018-07-02 11:30:00,106.94000000000001,,
2018-07-02 12:30:00,106.78999999999999,,
2018-07-02 13:30:00,106.69,,
2018-07-02 14:30:00,107.16,,
2018-07-02 15:30:00,107.18,,
2018-07-03 09:30:00,107.77000000000001,,
2018-07-03 10:30:00,107.89,,
2018-07-03 11:30:00,107.85999999999999,,
2018-07-03 12:30:00,107.72,,
2018-07-03 13:30:00,107.72,,
2018-07-03 14:30:00,107.72,,
2018-07-03 15:30:00,107.72,,
2018-07-04 09:30:00,107.72,,
2018-07-04 10:30:00,107.72,,
2018-07-04 11:30:00,107.72,,
2018-07-04 12:30:00,107.72,,
2018-07-04 13:30:00,107.72,,
2018-07-04 14:30:00,107.72,,
2018-07-04 15:30:00,107.72,,
2018-07-05 09:30:00,107.8,,
2018-07-05 10:30:00,107.63000000000001,,
2018-07-05 11:30:00,107.63000000000001,,
2018-07-05 12:30:00,107.85000000000001,,
2018-07-05 13:30:00,107.85000000000001,,
2018-07-05 14:30:00,107.83,,
2018-07-05 15:30:00,107.83,,
2018-07-06 09:30:00,107.88,,
2018-07-06 10:30:00,108.34,,
2018-07-06 11:30:00,108.68999999999998,,
2018-07-06 12:30:00,108.82,,
2018-07-06 13:30:00,108.88,,
2018-07-06 14:30:00,108.82,,
2018-07-06 15:30:00,108.84,,
2018-07-09 09:30:00,109.09,,
2018-07-09 10:30:00,109.43999999999998,,
2018-07-09 11:30:00,109.56,,
2018-07-09 12:30:00,109.74000000000001,,
2018-07-09 13:30:00,109.62,,
2018-07-09 14:30:00,109.64000000000001,,
2018-07-09 15:30:00,109.64000000000001,,
2018-07-10 09:30:00,109.98,,
2018-07-10 10:30:00,109.98,,
2018-07-10 11:30:00,109.93000000000002,,
2018-07-10 12:30:00,110.0,,
2018-07-10 13:30:00,109.91,,
2018-07-10 14:30:00,110.07,,
2018-07-10 15:30:00,110.1,,
2018-07-11 09:30:00,109.55,,
2018-07-11 10:30:00,109.7,,
2018-07-11 11:30:00,109.4,,
2018-07-11 12:30:00,109.42000000000002,,
2018-07-11 13:30:00,109.42000000000002,,
2018-07-11 14:30:00,109.32,,
2018-07-11 15:30:00,109.25,,
2018-07-12 09:30:00,109.64000000000001,,
2018-07-12 10:30:00,109.59,,
2018-07-12 11:30:00,109.35999999999999,,
2018-07-12 12:30:00,109.57,,
2018-07-12 13:30:00,109.57,,
2018-07-12 14:30:00,109.47,,
2018-07-12 15:30:00,109.53,,
2018-07-13 09:30:00,109.45,,
2018-07-13 10:30:00,109.47,,
2018-07-13 11:30:00,109.75,,
2018-07-13 12:30:00,109.78,,
2018-07-13 13:30:00,109.85,,
2018-07-13 14:30:00,109.85,,
2018-07-13 15:30:00,109.66000000000001,,
2018-07-16 09:30:00,109.56,,
2018-07-16 10:30:00,109.51,,
2018-07-16 11:30:00,109.57,,
2018-07-16 12:30:00,109.67,,
2018-07-16 13:30:00,109.69,,
2018-07-16 14:30:00,109.69,,
2018-07-16 15:30:00,109.72999999999999,,
2018-07-17 09:30:00,109.59,,
2018-07-17 10:30:00,109.84,,
2018-07-17 11:30:00,109.95000000000002,,
2018-07-17 12:30:00,110.02999999999999,,
2018-07-17 13:30:00,110.0,,
2018-07-17 14:30:00,109.99,,
2018-07-17 15:30:00,110.02,,
2018-07-18 09:30:00,109.94,,
2018-07-18 10:30:00,109.95000000000002,,
2018-07-18 11:30:00,110.09000000000002,,
2018-07-18 12:30:00,110.34999999999998,,
2018-07-18 13:30:00,110.34999999999998,,
2018-07-18 14:30:00,110.12999999999998,,
2018-07-18 15:30:00,110.25000000000001,,
2018-07-19 09:30:00,109.77,,
2018-07-19 10:30:00,109.81999999999998,,
2018-07-19 11:30:00,110.0,,
2018-07-19 12:30:00,110.04,,
2018-07-19 13:30:00,110.04,,
2018-07-19 14:30:00,110.22,,
2018-07-19 15:30:00,109.98,,
2018-07-20 09:30:00,109.64000000000001,,
2018-07-20 10:30:00,109.71,,
2018-07-20 11:30:00,109.80999999999999,,
2018-07-20 12:30:00,109.81999999999998,,
2018-07-20 13:30:00,109.68,,
2018-07-20 14:30:00,109.72000000000001,,
2018-07-20 15:30:00,109.72000000000001,,
2018-07-23 09:30:00,109.50000000000001,,
2018-07-23 10:30:00,109.51999999999998,,
2018-07-23 11:30:00,109.81999999999998,,
2018-07-23 12:30:00,109.81999999999998,,
2018-07-23 13:30:00,109.95000000000002,,
2018-07-23 14:30:00,109.99,,
2018-07-23 15:30:00,109.94,,
2018-07-24 09:30:00,110.21,,
2018-07-24 10:30:00,110.21,,
2018-07-24 11:30:00,110.49000000000001,,
2018-07-24 12:30:00,110.6,,
2018-07-24 13:30:00,110.42,,
2018-07-24 14:30:00,110.12999999999998,,
2018-07-24 15:30:00,110.28,,
2018-07-25 09:30:00,110.29,,
2018-07-25 10:30:00,110.23,,
2018-07-25 11:30:00,110.26999999999998,,
2018-07-25 12:30:00,110.25000000000001,,
2018-07-25 13:30:00,110.2,,
2018-07-25 14:30:00,110.37,,
2018-07-25 15:30:00,110.39999999999999,,
2018-07-26 09:30:00,111.32999999999998,,
2018-07-26 10:30:00,111.46999999999998,,
2018-07-26 11:30:00,111.57,,
2018-07-26 12:30:00,111.59,,
2018-07-26 13:30:00,111.6,,
2018-07-26 14:30:00,111.5,,
2018-07-26 15:30:00,111.52,,
2018-07-27 09:30:00,111.35,,
2018-07-27 10:30:00,111.46999999999998,,
2018-07-27 11:30:00,111.46999999999998,,
2018-07-27 12:30:00,111.4,,
2018-07-27 13:30:00,111.11,,
2018-07-27 14:30:00,111.04,,
2018-07-27 15:30:00,111.16999999999999,,
2018-07-30 09:30:00,111.24999999999999,,
2018-07-30 10:30:00,111.82,,
2018-07-30 11:30:00,111.74,,
2018-07-30 12:30:00,111.74,,
2018-07-30 13:30:00,111.74,,
2018-07-30 14:30:00,111.73,,
2018-07-30 15:30:00,111.44,,
2018-07-31 09:30:00,111.86,,
2018-07-31 10:30:00,111.75999999999999,,
2018-07-31 11:30:00,111.81,,
2018-07-31 12:30:00,111.98000000000002,,
2018-07-31 13:30:00,111.99999999999999,,
2018-07-31 14:30:00,111.86,,
2018-07-31 15:30:00,111.8,,
2018-08-01 09:30:00,111.67,,
2018-08-01 10:30:00,111.70999999999998,,
2018-08-01 11:30:00,111.41,,
2018-08-01 12:30:00,111.08999999999999,,
2018-08-01 13:30:00,111.16000000000001,,
2018-08-01 14:30:00,111.19,,
2018-08-01 15:30:00,111.27,,
2018-08-02 09:30:00,110.49000000000001,,
2018-08-02 10:30:00,110.85,,
2018-08-02 11:30:00,110.82,,
2018-08-02 12:30:00,111.11,,
2018-08-02 13:30:00,111.16999999999999,,
2018-08-02 14:30:00,111.21,,
2018-08-02 15:30:00,111.22999999999999,,
2018-08-03 09:30:00,111.29000000000002,,
2018-08-03 10:30:00,111.70999999999998,,
2018-08-03 11:30:00,111.66,,
2018-08-03 12:30:00,111.78,,
2018-08-03 13:30:00,111.85000000000001,,
2018-08-03 14:30:00,111.88,,
2018-08-03 15:30:00,111.91999999999999,,
2018-08-06 09:30:00,111.93,,
2018-08-06 10:30:00,112.05,,
2018-08-06 11:30:00,112.21999999999998,,
2018-08-06 12:30:00,112.48,,
2018-08-06 13:30:00,112.35,,
2018-08-06 14:30:00,112.35,,
2018-08-06 15:30:00,112.28000000000002,,
2018-08-07 09:30:00,112.44000000000001,,
2018-08-07 10:30:00,112.64,,
2018-08-07 11:30:00,112.74000000000001,,
2018-08-07 12:30:00,112.78,,
2018-08-07 13:30:00,112.78,,
2018-08-07 14:30:00,112.76,,
2018-08-07 15:30:00,112.76,,
2018-08-08 09:30:00,112.5,,
2018-08-08 10:30:00,112.36000000000001,,
2018-08-08 11:30:00,112.49,,
2018-08-08 12:30:00,112.49,,
2018-08-08 13:30:00,112.42,,
2018-08-08 14:30:00,112.52000000000001,,
2018-08-08 15:30:00,112.56,,
2018-08-09 09:30:00,112.37999999999998,,
2018-08-09 10:30:00,112.37999999999998,,
2018-08-09 11:30:00,112.37999999999998,,
2018-08-09 12:30:00,112.20000000000002,,
2018-08-09 13:30:00,112.28000000000002,,
2018-08-09 14:30:00,112.25,,
2018-08-09 15:30:00,112.26,,
2018-08-10 09:30:00,111.43,,
2018-08-10 10:30:00,111.34,,
2018-08-10 11:30:00,111.59,,
2018-08-10 12:30:00,111.57,,
2018-08-10 13:30:00,111.44,,
2018-08-10 14:30:00,111.18,,
2018-08-10 15:30:00,111.46999999999998,,
2018-08-13 09:30:00,111.45000000000002,,
2018-08-13 10:30:00,111.44,,
2018-08-13 11:30:00,111.16000000000001,,
2018-08-13 12:30:00,110.81,,
2018-08-13 13:30:00,110.95999999999998,,
2018-08-13 14:30:00,111.09999999999998,,
2018-08-13 15:30:00,110.87,,
2018-08-14 09:30:00,111.07,,
2018-08-14 10:30:00,111.41,,
2018-08-14 11:30:00,111.51,,
2018-08-14 12:30:00,111.52,,
2018-08-14 13:30:00,111.53000000000002,,
2018-08-14 14:30:00,111.57,,
2018-08-14 15:30:00,111.57,,
2018-08-15 09:30:00,110.97,,
2018-08-15 10:30:00,110.41000000000001,,
2018-08-15 11:30:00,110.57000000000001,,
2018-08-15 12:30:00,110.74,,
2018-08-15 13:30:00,110.63999999999999,,
2018-08-15 14:30:00,110.37,,
2018-08-15 15:30:00,110.68,,
2018-08-16 09:30:00,111.34,,
2018-08-16 10:30:00,111.65,,
2018-08-16 11:30:00,111.99999999999999,,
2018-08-16 12:30:00,112.12000000000002,,
2018-08-16 13:30:00,112.1,,
2018-08-16 14:30:00,112.02,,
2018-08-16 15:30:00,112.13,,
2018-08-17 09:30:00,111.96,,
2018-08-17 10:30:00,112.15999999999998,,
2018-08-17 11:30:00,112.33,,
2018-08-17 12:30:00,112.39,,
2018-08-17 13:30:00,112.29999999999998,,
2018-08-17 14:30:00,112.68,,
2018-08-17 15:30:00,112.62,,
2018-08-20 09:30:00,112.66999999999999,,
2018-08-20 10:30:00,112.66999999999999,,
2018-08-20 11:30:00,112.94,,
2018-08-20 12:30:00,113.06999999999998,,
2018-08-20 13:30:00,113.03000000000002,,
2018-08-20 14:30:00,113.01,,
2018-08-20 15:30:00,113.06999999999998,,
2018-08-21 09:30:00,113.17,,
2018-08-21 10:30:00,113.17,,
2018-08-21 11:30:00,113.38,,
2018-08-21 12:30:00,113.57,,
2018-08-21 13:30:00,113.61,,
2018-08-21 14:30:00,113.51,,
2018-08-21 15:30:00,113.49,,
2018-08-22 09:30:00,113.14,,
2018-08-22 10:30:00,112.97000000000001,,
2018-08-22 11:30:00,113.25,,
2018-08-22 12:30:00,113.15,,
2018-08-22 13:30:00,113.14,,
2018-08-22 14:30:00,113.0,,
2018-08-22 15:30:00,113.02,,
2018-08-23 09:30:00,112.72,,
2018-08-23 10:30:00,112.97000000000001,,
2018-08-23 11:30:00,112.66,,
2018-08-23 12:30:00,112.71,,
2018-08-23 13:30:00,112.63,,
2018-08-23 14:30:00,112.63,,
2018-08-23 15:30:00,112.66999999999999,,
2018-08-24 09:30:00,112.9,,
2018-08-24 10:30:00,112.9,,
2018-08-24 11:30:00,112.9,,
2018-08-24 12:30:00,113.25,,
2018-08-24 13:30:00,113.15,,
2018-08-24 14:30:00,113.14,,
2018-08-24 15:30:00,113.11000000000001,,
2018-08-27 09:30:00,113.49,,
2018-08-27 10:30:00,113.89,,
2018-08-27 11:30:00,113.89,,
2018-08-27 12:30:00,113.97,,
2018-08-27 13:30:00,113.92,,
2018-08-27 14:30:00,113.97,,
2018-08-27 15:30:00,113.89,,
2018-08-28 09:30:00,114.0,,
2018-08-28 10:30:00,113.96000000000001,,
2018-08-28 11:30:00,113.99,,
2018-08-28 12:30:00,113.77,,
2018-08-28 13:30:00,113.76,,
2018-08-28 14:30:00,113.89,,
2018-08-28 15:30:00,113.78,,
2018-08-29 09:30:00,113.86999999999999,,
2018-08-29 10:30:00,113.86,,
2018-08-29 11:30:00,114.18,,
2018-08-29 12:30:00,114.18,,
2018-08-29 13:30:00,114.18,,
2018-08-29 14:30:00,114.06,,
2018-08-29 15:30:00,114.18,,
2018-08-30 09:30:00,113.72000000000001,,
2018-08-30 10:30:00,113.72000000000001,,
2018-08-30 11:30:00,113.72000000000001,,
2018-08-30 12:30:00,113.52,,
2018-08-30 13:30:00,113.61,,
2018-08-30 14:30:00,113.37,,
2018-08-30 15:30:00,113.35999999999999,,
2018-08-31 09:30:00,113.11000000000001,,
2018-08-31 10:30:00,113.33999999999999,,
2018-08-31 11:30:00,113.11000000000001,,
2018-08-31 12:30:00,112.95000000000002,,
2018-08-31 13:30:00,112.98999999999998,,
2018-08-31 14:30:00,112.98,,
2018-08-31 15:30:00,113.08,,
2018-09-03 09:30:00,113.08,,
2018-09-03 10:30:00,113.08,,
2018-09-03 11:30:00,113.08,,
2018-09-03 12:30:00,113.08,,
2018-09-03 13:30:00,113.08,,
2018-09-03 14:30:00,113.08,,
2018-09-03 15:30:00,113.08,,
2018-09-04 09:30:00,113.09,,
2018-09-04 10:30:00,113.19000000000001,,
2018-09-04 11:30:00,112.98,,
2018-09-04 12:30:00,112.85,,
2018-09-04 13:30:00,113.01,,
2018-09-04 14:30:00,113.11999999999999,,
2018-09-04 15:30:00,113.05000000000001,,
2018-09-05 09:30:00,112.77,,
2018-09-05 10:30:00,113.15,,
2018-09-05 11:30:00,113.22,,
2018-09-05 12:30:00,113.49999999999999,,
2018-09-05 13:30:00,113.53,,
2018-09-05 14:30:00,113.53,,
2018-09-05 15:30:00,113.63,,
2018-09-06 09:30:00,113.43,,
2018-09-06 10:30:00,113.59,,
2018-09-06 11:30:00,113.22,,
2018-09-06 12:30:00,113.23,,
2018-09-06 13:30:00,113.11999999999999,,
2018-09-06 14:30:00,113.29,,
2018-09-06 15:30:00,113.45,,
2018-09-07 09:30:00,112.85,,
2018-09-07 10:30:00,112.85,,
2018-09-07 11:30:00,113.25,,
2018-09-07 12:30:00,112.90999999999998,,
2018-09-07 13:30:00,112.90999999999998,,
2018-09-07 14:30:00,113.06,,
2018-09-07 15:30:00,113.1,,
2018-09-10 09:30:00,113.38,,
2018-09-10 10:30:00,113.64999999999999,,
2018-09-10 11:30:00,113.6,,
2018-09-10 12:30:00,113.35000000000001,,
2018-09-10 13:30:00,113.40000000000002,,
2018-09-10 14:30:00,113.49,,
2018-09-10 15:30:00,113.40000000000002,,
2018-09-11 09:30:00,112.96,,
2018-09-11 10:30:00,113.19999999999999,,
2018-09-11 11:30:00,113.39,,
2018-09-11 12:30:00,113.39,,
2018-09-11 13:30:00,113.61,,
2018-09-11 14:30:00,113.54,,
2018-09-11 15:30:00,113.49999999999999,,
2018-09-12 09:30:00,113.43,,
2018-09-12 10:30:00,113.53,,
2018-09-12 11:30:00,113.85,,
2018-09-12 12:30:00,113.53,,
2018-09-12 13:30:00,113.57999999999998,,
2018-09-12 14:30:00,113.53,,
2018-09-12 15:30:00,113.69,,
2018-09-13 09:30:00,113.77,,
2018-09-13 10:30:00,113.84,,
2018-09-13 11:30:00,113.56000000000002,,
2018-09-13 12:30:00,113.81,,
2018-09-13 13:30:00,113.78,,
2018-09-13 14:30:00,113.80000000000001,,
2018-09-13 15:30:00,113.81999999999998,,
2018-09-14 09:30:00,113.71,,
2018-09-14 10:30:00,113.77,,
2018-09-14 11:30:00,113.96000000000001,,
2018-09-14 12:30:00,113.86,,
2018-09-14 13:30:00,113.81,,
2018-09-14 14:30:00,113.88000000000001,,
2018-09-14 15:30:00,113.94000000000001,,
2018-09-17 09:30:00,114.02000000000001,,
2018-09-17 10:30:00,114.2,,
2018-09-17 11:30:00,114.2,,
2018-09-17 12:30:00,114.09000000000002,,
2018-09-17 13:30:00,114.09000000000002,,
2018-09-17 14:30:00,114.01000000000002,,
2018-09-17 15:30:00,113.89,,
2018-09-18 09:30:00,114.18999999999998,,
2018-09-18 10:30:00,114.2,,
2018-09-18 11:30:00,114.34999999999998,,
2018-09-18 12:30:00,114.38,,
2018-09-18 13:30:00,114.44,,
2018-09-18 14:30:00,114.59,,
2018-09-18 15:30:00,114.55000000000001,,
2018-09-19 09:30:00,114.32999999999998,,
2018-09-19 10:30:00,114.96,,
2018-09-19 11:30:00,114.92000000000002,,
2018-09-19 12:30:00,115.03,,
2018-09-19 13:30:00,114.98,,
2018-09-19 14:30:00,114.98,,
2018-09-19 15:30:00,114.89,,
2018-09-20 09:30:00,115.31999999999998,,
2018-09-20 10:30:00,115.2,,
2018-09-20 11:30:00,115.36,,
2018-09-20 12:30:00,115.48,,
2018-09-20 13:30:00,115.48,,
2018-09-20 14:30:00,115.60999999999999,,
2018-09-20 15:30:00,115.60999999999999,,
2018-09-21 09:30:00,115.87,,
2018-09-21 10:30:00,115.83999999999999,,
2018-09-21 11:30:00,115.8,,
2018-09-21 12:30:00,115.82,,
2018-09-21 13:30:00,115.79,,
2018-09-21 14:30:00,115.8,,
2018-09-21 15:30:00,115.8,,
2018-09-24 09:30:00,115.62999999999998,,
2018-09-24 10:30:00,115.09,,
2018-09-24 11:30:00,114.99,,
2018-09-24 12:30:00,114.88,,
2018-09-24 13:30:00,114.74,,
2018-09-24 14:30:00,114.88,,
2018-09-24 15:30:00,114.9,,
2018-09-25 09:30:00,115.16000000000001,,
2018-09-25 10:30:00,114.97,,
2018-09-25 11:30:00,114.97,,
2018-09-25 12:30:00,114.89,,
2018-09-25 13:30:00,114.67,,
2018-09-25 14:30:00,114.61,,
2018-09-25 15:30:00,114.56999999999998,,
2018-09-26 09:30:00,114.40999999999998,,
2018-09-26 10:30:00,114.40999999999998,,
2018-09-26 11:30:00,114.40999999999998,,
2018-09-26 12:30:00,114.61999999999999,,
2018-09-26 13:30:00,114.61999999999999,,
2018-09-26 14:30:00,114.67,,
2018-09-26 15:30:00,114.38,,
2018-09-27 09:30:00,113.9,,
2018-09-27 10:30:00,114.18,,
2018-09-27 11:30:00,114.29,,
2018-09-27 12:30:00,114.44,,
2018-09-27 13:30:00,114.44,,
2018-09-27 14:30:00,114.13,,
2018-09-27 15:30:00,113.89,,
2018-09-28 09:30:00,113.49,,
2018-09-28 10:30:00,113.86,,
2018-09-28 11:30:00,113.98,,
2018-09-28 12:30:00,113.98,,
2018-09-28 13:30:00,113.96000000000001,,
2018-09-28 14:30:00,113.93000000000002,,
2018-09-28 15:30:00,113.75,,
2018-10-01 09:30:00,114.26999999999998,,
2018-10-01 10:30:00,114.53999999999999,,
2018-10-01 11:30:00,114.39000000000001,,
2018-10-01 12:30:00,114.26,,
2018-10-01 13:30:00,114.26,,
2018-10-01 14:30:00,114.32999999999998,,
2018-10-01 15:30:00,114.05,,
2018-10-02 09:30:00,114.16,,
2018-10-02 10:30:00,114.08,,
2018-10-02 11:30:00,114.18,,
2018-10-02 12:30:00,114.40999999999998,,
2018-10-02 13:30:00,114.47000000000001,,
2018-10-02 14:30:00,114.58,,
2018-10-02 15:30:00,114.39000000000001,,
2018-10-03 09:30:00,114.8,,
2018-10-03 10:30:00,114.82,,
2018-10-03 11:30:00,114.85,,
2018-10-03 12:30:00,114.95,,
2018-10-03 13:30:00,114.9,,
2018-10-03 14:30:00,114.87,,
2018-10-03 15:30:00,114.43,,
2018-10-04 09:30:00,114.34999999999998,,
2018-10-04 10:30:00,114.34999999999998,,
2018-10-04 11:30:00,114.44,,
2018-10-04 12:30:00,114.13,,
2018-10-04 13:30:00,113.98,,
2018-10-04 14:30:00,113.88000000000001,,
2018-10-04 15:30:00,114.28,,
2018-10-05 09:30:00,114.59,,
2018-10-05 10:30:00,114.61999999999999,,
2018-10-05 11:30:00,114.31000000000002,,
2018-10-05 12:30:00,113.96000000000001,,
2018-10-05 13:30:00,113.84,,
2018-10-05 14:30:00,114.0,,
2018-10-05 15:30:00,114.01000000000002,,
2018-10-08 09:30:00,113.86999999999999,,
2018-10-08 10:30:00,114.22,,
2018-10-08 11:30:00,114.21,,
2018-10-08 12:30:00,114.22,,
2018-10-08 13:30:00,114.21,,
2018-10-08 14:30:00,114.69999999999999,,
2018-10-08 15:30:00,114.76000000000002,,
2018-10-09 09:30:00,114.48999999999998,,
2018-10-09 10:30:00,114.61,,
2018-10-09 11:30:00,114.58,,
2018-10-09 12:30:00,114.53999999999999,,
2018-10-09 13:30:00,114.46,,
2018-10-09 14:30:00,114.59,,
2018-10-09 15:30:00,114.32999999999998,,
2018-10-10 09:30:00,114.38,,
2018-10-10 10:30:00,114.02000000000001,,
2018-10-10 11:30:00,113.57999999999998,,
2018-10-10 12:30:00,113.41999999999999,,
2018-10-10 13:30:00,113.35000000000001,,
2018-10-10 14:30:00,112.95000000000002,,
2018-10-10 15:30:00,112.50999999999999,,
2018-10-11 09:30:00,111.03,,
2018-10-11 10:30:00,110.77,,
2018-10-11 11:30:00,109.88000000000001,,
2018-10-11 12:30:00,110.55999999999999,,
2018-10-11 13:30:00,110.2,,
2018-10-11 14:30:00,109.47,,
2018-10-11 15:30:00,109.4,,
2018-10-12 09:30:00,109.57,,
2018-10-12 10:30:00,109.01,,
2018-10-12 11:30:00,109.18000000000002,,
2018-10-12 12:30:00,108.52999999999999,,
2018-10-12 13:30:00,108.28,,
2018-10-12 14:30:00,108.36999999999999,,
2018-10-12 15:30:00,109.11999999999999,,
2018-10-15 09:30:00,109.05999999999999,,
2018-10-15 10:30:00,109.35999999999999,,
2018-10-15 11:30:00,109.67,,
2018-10-15 12:30:00,109.31,,
2018-10-15 13:30:00,109.54,,
2018-10-15 14:30:00,109.45,,
2018-10-15 15:30:00,109.47,,
2018-10-16 09:30:00,109.47,,
2018-10-16 10:30:00,109.71,,
2018-10-16 11:30:00,110.2,,
2018-10-16 12:30:00,110.1,,
2018-10-16 13:30:00,110.38,,
2018-10-16 14:30:00,110.59,,
2018-10-16 15:30:00,110.36,,
2018-10-17 09:30:00,110.39999999999999,,
2018-10-17 10:30:00,110.17999999999999,,
2018-10-17 11:30:00,110.28,,
2018-10-17 12:30:00,110.94000000000001,,
2018-10-17 13:30:00,110.97,,
2018-10-17 14:30:00,110.68,,
2018-10-17 15:30:00,110.79999999999998,,
2018-10-18 09:30:00,110.44,,
2018-10-18 10:30:00,110.76,,
2018-10-18 11:30:00,110.54000000000002,,
2018-10-18 12:30:00,109.96999999999998,,
2018-10-18 13:30:00,109.64000000000001,,
2018-10-18 14:30:00,109.63,,
2018-10-18 15:30:00,109.67,,
2018-10-19 09:30:00,109.77,,
2018-10-19 10:30:00,110.47,,
2018-10-19 11:30:00,110.44,,
2018-10-19 12:30:00,110.17000000000002,,
2018-10-19 13:30:00,110.42,,
2018-10-19 14:30:00,110.04,,
2018-10-19 15:30:00,110.18999999999998,,
2018-10-22 09:30:00,110.16,,
2018-10-22 10:30:00,108.98999999999998,,
2018-10-22 11:30:00,109.27,,
2018-10-22 12:30:00,108.88,,
2018-10-22 13:30:00,108.98999999999998,,
2018-10-22 14:30:00,108.92,,
2018-10-22 15:30:00,109.03999999999999,,
2018-10-23 09:30:00,107.45,,
2018-10-23 10:30:00,106.91,,
2018-10-23 11:30:00,107.48999999999998,,
2018-10-23 12:30:00,107.48,,
2018-10-23 13:30:00,107.99,,
2018-10-23 14:30:00,108.22000000000001,,
2018-10-23 15:30:00,108.49,,
2018-10-24 09:30:00,108.01,,
2018-10-24 10:30:00,107.72,,
2018-10-24 11:30:00,107.02999999999999,,
2018-10-24 12:30:00,107.53999999999999,,
2018-10-24 13:30:00,107.05,,
2018-10-24 14:30:00,107.3,,
2018-10-24 15:30:00,106.27000000000001,,
2018-10-25 09:30:00,106.11000000000001,,
2018-10-25 10:30:00,106.41000000000001,,
2018-10-25 11:30:00,106.91,,
2018-10-25 12:30:00,106.43,,
2018-10-25 13:30:00,106.65999999999998,,
2018-10-25 14:30:00,107.02000000000001,,
2018-10-25 15:30:00,107.21,,
2018-10-26 09:30:00,105.68,,
2018-10-26 10:30:00,104.97999999999999,,
2018-10-26 11:30:00,105.45,,
2018-10-26 12:30:00,105.74999999999999,,
2018-10-26 13:30:00,105.72999999999999,,
2018-10-26 14:30:00,105.48,,
2018-10-26 15:30:00,105.18,,
2018-10-29 09:30:00,106.31,,
2018-10-29 10:30:00,107.18,,
2018-10-29 11:30:00,106.83,,
2018-10-29 12:30:00,106.44,,
2018-10-29 13:30:00,106.44,,
2018-10-29 14:30:00,106.02,,
2018-10-29 15:30:00,105.13999999999999,,
2018-10-30 09:30:00,105.66999999999999,,
2018-10-30 10:30:00,106.47,,
2018-10-30 11:30:00,106.38,,
2018-10-30 12:30:00,106.25999999999999,,
2018-10-30 13:30:00,105.98,,
2018-10-30 14:30:00,106.06,,
2018-10-30 15:30:00,106.98,,
2018-10-31 09:30:00,107.84000000000002,,
2018-10-31 10:30:00,108.04,,
2018-10-31 11:30:00,108.11,,
2018-10-31 12:30:00,107.96,,
2018-10-31 13:30:00,108.31,,
2018-10-31 14:30:00,108.49,,
2018-10-31 15:30:00,108.28,,
2018-11-01 09:30:00,107.85999999999999,,
2018-11-01 10:30:00,108.2,,
2018-11-01 11:30:00,108.39,,
2018-11-01 12:30:00,108.19,,
2018-11-01 13:30:00,108.31999999999998,,
2018-11-01 14:30:00,108.31999999999998,,
2018-11-01 15:30:00,108.31,,
2018-11-02 09:30:00,109.3,,
2018-11-02 10:30:00,108.89999999999999,,
2018-11-02 11:30:00,108.27,,
2018-11-02 12:30:00,108.04,,
2018-11-02 13:30:00,107.76000000000002,,
2018-11-02 14:30:00,108.07,,
2018-11-02 15:30:00,108.06000000000002,,
2018-11-05 09:30:00,108.68,,
2018-11-05 10:30:00,109.21000000000001,,
2018-11-05 11:30:00,109.27999999999999,,
2018-11-05 12:30:00,109.27999999999999,,
2018-11-05 13:30:00,109.27999999999999,,
2018-11-05 14:30:00,109.66000000000001,,
2018-11-05 15:30:00,109.51,,
2018-11-06 09:30:00,109.43,,
2018-11-06 10:30:00,109.59999999999998,,
2018-11-06 11:30:00,109.76,,
2018-11-06 12:30:00,109.83,,
2018-11-06 13:30:00,109.95000000000002,,
2018-11-06 14:30:00,109.72999999999999,,
2018-11-06 15:30:00,109.92,,
2018-11-07 09:30:00,110.89,,
2018-11-07 10:30:00,110.67,,
2018-11-07 11:30:00,110.74,,
2018-11-07 12:30:00,111.03,,
2018-11-07 13:30:00,111.24000000000001,,
2018-11-07 14:30:00,111.42,,
2018-11-07 15:30:00,111.70999999999998,,
2018-11-08 09:30:00,111.49,,
2018-11-08 10:30:00,111.62,,
2018-11-08 11:30:00,111.8,,
2018-11-08 12:30:00,111.89,,
2018-11-08 13:30:00,111.67,,
2018-11-08 14:30:00,111.41,,
2018-11-08 15:30:00,111.37000000000002,,
2018-11-09 09:30:00,111.08000000000001,,
2018-11-09 10:30:00,111.01999999999998,,
2018-11-09 11:30:00,111.06,,
2018-11-09 12:30:00,110.65,,
2018-11-09 13:30:00,110.67,,
2018-11-09 14:30:00,110.45,,
2018-11-09 15:30:00,111.15000000000002,,
2018-11-12 09:30:00,110.89,,
2018-11-12 10:30:00,110.6,,
2018-11-12 11:30:00,110.0,,
2018-11-12 12:30:00,110.04999999999998,,
2018-11-12 13:30:00,109.91,,
2018-11-12 14:30:00,110.12,,
2018-11-12 15:30:00,109.81999999999998,,
2018-11-13 09:30:00,109.63,,
2018-11-13 10:30:00,109.24,,
2018-11-13 11:30:00,110.04,,
2018-11-13 12:30:00,110.0,,
2018-11-13 13:30:00,109.50000000000001,,
2018-11-13 14:30:00,109.23,,
2018-11-13 15:30:00,109.18000000000002,,
2018-11-14 09:30:00,109.83,,
2018-11-14 10:30:00,109.64000000000001,,
2018-11-14 11:30:00,108.98999999999998,,
2018-11-14 12:30:00,108.98999999999998,,
2018-11-14 13:30:00,108.49,,
2018-11-14 14:30:00,108.19,,
2018-11-14 15:30:00,108.97000000000001,,
2018-11-15 09:30:00,107.70999999999998,,
2018-11-15 10:30:00,107.77999999999999,,
2018-11-15 11:30:00,108.33,,
2018-11-15 12:30:00,108.56,,
2018-11-15 13:30:00,109.06999999999998,,
2018-11-15 14:30:00,109.31,,
2018-11-15 15:30:00,108.89999999999999,,
2018-11-16 09:30:00,109.15,,
2018-11-16 10:30:00,109.37,,
2018-11-16 11:30:00,109.45,,
2018-11-16 12:30:00,109.26000000000002,,
2018-11-16 13:30:00,109.62,,
2018-11-16 14:30:00,109.81999999999998,,
2018-11-16 15:30:00,109.93000000000002,,
2018-11-19 09:30:00,109.51999999999998,,
2018-11-19 10:30:00,109.68,,
2018-11-19 11:30:00,109.59,,
2018-11-19 12:30:00,108.97000000000001,,
2018-11-19 13:30:00,109.1,,
2018-11-19 14:30:00,109.0,,
2018-11-19 15:30:00,109.33,,
2018-11-20 09:30:00,108.31,,
2018-11-20 10:30:00,107.63000000000001,,
2018-11-20 11:30:00,107.52,,
2018-11-20 12:30:00,107.70999999999998,,
2018-11-20 13:30:00,107.19,,
2018-11-20 14:30:00,107.13,,
2018-11-20 15:30:00,107.3,,
2018-11-21 09:30:00,107.31000000000002,,
2018-11-21 10:30:00,107.74,,
2018-11-21 11:30:00,107.96,,
2018-11-21 12:30:00,107.96,,
2018-11-21 13:30:00,107.90000000000002,,
2018-11-21 14:30:00,107.85999999999999,,
2018-11-21 15:30:00,107.48,,
2018-11-22 09:30:00,107.48,,
2018-11-22 10:30:00,107.48,,
2018-11-22 11:30:00,107.48,,
2018-11-22 12:30:00,107.48,,
2018-11-22 13:30:00,107.48,,
2018-11-22 14:30:00,107.48,,
2018-11-22 15:30:00,107.48,,
2018-11-23 09:30:00,106.43,,
2018-11-23 10:30:00,106.43,,
2018-11-23 11:30:00,106.92,,
2018-11-23 12:30:00,106.73,,
2018-11-23 13:30:00,106.73,,
2018-11-23 14:30:00,106.73,,
2018-11-23 15:30:00,106.73,,
2018-11-26 09:30:00,107.27,,
2018-11-26 10:30:00,107.85999999999999,,
2018-11-26 11:30:00,107.69999999999999,,
2018-11-26 12:30:00,107.58,,
2018-11-26 13:30:00,107.51,,
2018-11-26 14:30:00,107.85000000000001,,
2018-11-26 15:30:00,107.77999999999999,,
2018-11-27 09:30:00,107.4,,
2018-11-27 10:30:00,107.74,,
2018-11-27 11:30:00,107.82,,
2018-11-27 12:30:00,107.59,,
2018-11-27 13:30:00,107.81,,
2018-11-27 14:30:00,108.01,,
2018-11-27 15:30:00,108.04,,
2018-11-28 09:30:00,108.31,,
2018-11-28 10:30:00,107.98000000000002,,
2018-11-28 11:30:00,108.47,,
2018-11-28 12:30:00,109.24,,
2018-11-28 13:30:00,109.45,,
2018-11-28 14:30:00,109.49,,
2018-11-28 15:30:00,109.51,,
2018-11-29 09:30:00,109.51999999999998,,
2018-11-29 10:30:00,109.75,,
2018-11-29 11:30:00,109.54,,
2018-11-29 12:30:00,109.72999999999999,,
2018-11-29 13:30:00,109.79000000000002,,
2018-11-29 14:30:00,110.02999999999999,,
2018-11-29 15:30:00,110.02999999999999,,
2018-11-30 09:30:00,109.59,,
2018-11-30 10:30:00,109.78,,
2018-11-30 11:30:00,109.56,,
2018-11-30 12:30:00,109.76,,
2018-11-30 13:30:00,109.83,,
2018-11-30 14:30:00,110.18999999999998,,
2018-11-30 15:30:00,110.43,,
2018-12-03 09:30:00,111.49,,
2018-12-03 10:30:00,111.28,,
2018-12-03 11:30:00,110.82,,
2018-12-03 12:30:00,111.05,,
2018-12-03 13:30:00,111.2,,
2018-12-03 14:30:00,111.12,,
2018-12-03 15:30:00,111.28,,
2018-12-04 09:30:00,110.95999999999998,,
2018-12-04 10:30:00,110.47,,
2018-12-04 11:30:00,110.41000000000001,,
2018-12-04 12:30:00,109.0,,
2018-12-04 13:30:00,108.5,,
2018-12-04 14:30:00,108.66,,
2018-12-04 15:30:00,108.26,,
2018-12-05 09:30:00,108.26,,
2018-12-05 10:30:00,108.26,,
2018-12-05 11:30:00,108.26,,
2018-12-05 12:30:00,108.26,,
2018-12-05 13:30:00,108.26,,
2018-12-05 14:30:00,108.26,,
2018-12-05 15:30:00,108.26,,
2018-12-06 09:30:00,106.57000000000001,,
2018-12-06 10:30:00,106.19000000000001,,
2018-12-06 11:30:00,104.97,,
2018-12-06 12:30:00,105.96999999999998,,
2018-12-06 13:30:00,105.56,,
2018-12-06 14:30:00,106.14,,
2018-12-06 15:30:00,106.65999999999998,,
2018-12-07 09:30:00,107.5,,
2018-12-07 10:30:00,107.16999999999999,,
2018-12-07 11:30:00,106.49000000000001,,
2018-12-07 12:30:00,106.31,,
2018-12-07 13:30:00,106.25,,
2018-12-07 14:30:00,105.77,,
2018-12-07 15:30:00,105.61,,
2018-12-10 09:30:00,105.20000000000002,,
2018-12-10 10:30:00,104.66,,
2018-12-10 11:30:00,103.55999999999999,,
2018-12-10 12:30:00,103.74,,
2018-12-10 13:30:00,104.34,,
2018-12-10 14:30:00,104.75999999999999,,
2018-12-10 15:30:00,105.02,,
2018-12-11 09:30:00,106.31,,
2018-12-11 10:30:00,106.35000000000001,,
2018-12-11 11:30:00,105.48,,
2018-12-11 12:30:00,104.94,,
2018-12-11 13:30:00,104.76999999999998,,
2018-12-11 14:30:00,105.21000000000001,,
2018-12-11 15:30:00,105.50000000000001,,
2018-12-12 09:30:00,106.03999999999999,,
2018-12-12 10:30:00,105.82999999999998,,
2018-12-12 11:30:00,105.86,,
2018-12-12 12:30:00,106.1,,
2018-12-12 13:30:00,106.29,,
2018-12-12 14:30:00,105.57,,
2018-12-12 15:30:00,105.58000000000001,,
2018-12-13 09:30:00,105.53,,
2018-12-13 10:30:00,105.29999999999998,,
2018-12-13 11:30:00,105.17,,
2018-12-13 12:30:00,105.03,,
2018-12-13 13:30:00,105.03,,
2018-12-13 14:30:00,104.79,,
2018-12-13 15:30:00,104.93,,
2018-12-14 09:30:00,104.18,,
2018-12-14 10:30:00,104.28,,
2018-12-14 11:30:00,104.03,,
2018-12-14 12:30:00,103.97,,
2018-12-14 13:30:00,103.76000000000002,,
2018-12-14 14:30:00,103.63000000000001,,
2018-12-14 15:30:00,103.43,,
2018-12-17 09:30:00,103.1,,
2018-12-17 10:30:00,102.96,,
2018-12-17 11:30:00,103.36,,
2018-12-17 12:30:00,103.0,,
2018-12-17 13:30:00,102.59,,
2018-12-17 14:30:00,102.0,,
2018-12-17 15:30:00,101.39,,
2018-12-18 09:30:00,102.22,,
2018-12-18 10:30:00,102.38,,
2018-12-18 11:30:00,101.73,,
2018-12-18 12:30:00,101.95,,
2018-12-18 13:30:00,101.95,,
2018-12-18 14:30:00,101.36,,
2018-12-18 15:30:00,100.82,,
2018-12-19 09:30:00,101.19,,
2018-12-19 10:30:00,101.93,,
2018-12-19 11:30:00,101.76,,
2018-12-19 12:30:00,102.25,,
2018-12-19 13:30:00,101.99,,
2018-12-19 14:30:00,101.52,,
2018-12-19 15:30:00,99.56,,
2018-12-20 09:30:00,99.29,,
2018-12-20 10:30:00,99.5,,
2018-12-20 11:30:00,99.19,,
2018-12-20 12:30:00,99.23,,
2018-12-20 13:30:00,98.53,,
2018-12-20 14:30:00,98.32,,
2018-12-20 15:30:00,98.63,,
2018-12-21 09:30:00,98.45,,
2018-12-21 10:30:00,99.53,,
2018-12-21 11:30:00,99.06,,
2018-12-21 12:30:00,97.84,,
2018-12-21 13:30:00,97.97,,
2018-12-21 14:30:00,97.8,,
2018-12-21 15:30:00,97.07,,
2018-12-24 09:30:00,96.19,,
2018-12-24 10:30:00,95.61,,
2018-12-24 11:30:00,95.26,,
2018-12-24 12:30:00,95.13,,
2018-12-24 13:30:00,95.13,,
2018-12-24 14:30:00,95.13,,
2018-12-24 15:30:00,95.13,,
2018-12-25 09:30:00,95.13,,
2018-12-25 10:30:00,95.13,,
2018-12-25 11:30:00,95.13,,
2018-12-25 12:30:00,95.13,,
2018-12-25 13:30:00,95.13,,
2018-12-25 14:30:00,95.13,,
2018-12-25 15:30:00,95.13,,
2018-12-26 09:30:00,94.85,,
2018-12-26 10:30:00,94.11,,
2018-12-26 11:30:00,94.66,,
2018-12-26 12:30:00,95.69,,
2018-12-26 13:30:00,95.7,,
2018-12-26 14:30:00,96.24,,
2018-12-26 15:30:00,97.21,,
2018-12-27 09:30:00,97.09,,
2018-12-27 10:30:00,96.54,,
2018-12-27 11:30:00,97.48,,
2018-12-27 12:30:00,96.63,,
2018-12-27 13:30:00,96.59,,
2018-12-27 14:30:00,96.02,,
2018-12-27 15:30:00,97.99,,
2018-12-28 09:30:00,99.91,,
2018-12-28 10:30:00,99.23,,
2018-12-28 11:30:00,99.4,,
2018-12-28 12:30:00,99.69,,
2018-12-28 13:30:00,99.09,,
2018-12-28 14:30:00,99.83,,
2018-12-28 15:30:00,99.13,,
2018-12-31 09:30:00,99.85,,
2018-12-31 10:30:00,99.6,,
2018-12-31 11:30:00,99.37,,
2018-12-31 12:30:00,99.66,,
2018-12-31 13:30:00,99.9,,
2018-12-31 14:30:00,99.17,,
2018-12-31 15:30:00,99.59,,
2019-01-01 09:30:00,99.59,,
2019-01-01 10:30:00,99.59,,
2019-01-01 11:30:00,99.59,,
2019-01-01 12:30:00,99.59,,
2019-01-01 13:30:00,99.59,,
2019-01-01 14:30:00,99.59,,
2019-01-01 15:30:00,99.59,,
2019-01-02 09:30:00,98.55,,
2019-01-02 10:30:00,99.46,,
2019-01-02 11:30:00,100.11,,
2019-01-02 12:30:00,99.98,,
2019-01-02 13:30:00,100.61,,
2019-01-02 14:30:00,100.45,,
2019-01-02 15:30:00,99.91,,
2019-01-03 09:30:00,99.4,,
2019-01-03 10:30:00,98.35,,
2019-01-03 11:30:00,98.62,,
2019-01-03 12:30:00,99.1,,
2019-01-03 13:30:00,98.64,,
2019-01-03 14:30:00,98.99,,
2019-01-03 15:30:00,98.19,,
2019-01-04 09:30:00,99.35,,
2019-01-04 10:30:00,100.67,,
2019-01-04 11:30:00,100.28,,
2019-01-04 12:30:00,100.85,,
2019-01-04 13:30:00,101.13,,
2019-01-04 14:30:00,101.06,,
2019-01-04 15:30:00,100.9,,
2019-01-07 09:30:00,101.19,,
2019-01-07 10:30:00,101.39,,
2019-01-07 11:30:00,101.71,,
2019-01-07 12:30:00,102.17,,
2019-01-07 13:30:00,102.37,,
2019-01-07 14:30:00,102.05,,
2019-01-07 15:30:00,102.13,,
2019-01-08 09:30:00,102.72,,
2019-01-08 10:30:00,102.23,,
2019-01-08 11:30:00,101.89,,
2019-01-08 12:30:00,102.38,,
2019-01-08 13:30:00,102.27,,
2019-01-08 14:30:00,102.41,,
2019-01-08 15:30:00,102.59,,
2019-01-09 09:30:00,103.06,,
2019-01-09 10:30:00,102.86,,
2019-01-09 11:30:00,103.07,,
2019-01-09 12:30:00,103.31000000000002,,
2019-01-09 13:30:00,103.39999999999999,,
2019-01-09 14:30:00,102.99,,
2019-01-09 15:30:00,103.25,,
2019-01-10 09:30:00,102.42,,
2019-01-10 10:30:00,102.87,,
2019-01-10 11:30:00,103.13,,
2019-01-10 12:30:00,103.3,,
2019-01-10 13:30:00,103.0,,
2019-01-10 14:30:00,103.38,,
2019-01-10 15:30:00,103.42,,
2019-01-11 09:30:00,102.98,,
2019-01-11 10:30:00,102.88,,
2019-01-11 11:30:00,103.27,,
2019-01-11 12:30:00,103.48999999999998,,
2019-01-11 13:30:00,103.48999999999998,,
2019-01-11 14:30:00,103.55999999999999,,
2019-01-11 15:30:00,103.44,,
2019-01-14 09:30:00,102.78,,
2019-01-14 10:30:00,102.78,,
2019-01-14 11:30:00,102.78,,
2019-01-14 12:30:00,103.45,,
2019-01-14 13:30:00,103.54000000000002,,
2019-01-14 14:30:00,103.36,,
2019-01-14 15:30:00,103.40999999999998,,
2019-01-15 09:30:00,103.28,,
2019-01-15 10:30:00,103.23,,
2019-01-15 11:30:00,103.47999999999999,,
2019-01-15 12:30:00,104.01,,
2019-01-15 13:30:00,103.82,,
2019-01-15 14:30:00,103.44,,
2019-01-15 15:30:00,103.81,,
2019-01-16 09:30:00,104.27,,
2019-01-16 10:30:00,104.64,,
2019-01-16 11:30:00,104.67999999999999,,
2019-01-16 12:30:00,104.7,,
2019-01-16 13:30:00,104.8,,
2019-01-16 14:30:00,104.93,,
2019-01-16 15:30:00,104.94,,
2019-01-17 09:30:00,104.12,,
2019-01-17 10:30:00,104.12,,
2019-01-17 11:30:00,104.62,,
2019-01-17 12:30:00,104.75000000000001,,
2019-01-17 13:30:00,104.95,,
2019-01-17 14:30:00,104.86,,
2019-01-17 15:30:00,105.33,,
2019-01-18 09:30:00,106.07,,
2019-01-18 10:30:00,106.31,,
2019-01-18 11:30:00,106.81,,
2019-01-18 12:30:00,106.98,,
2019-01-18 13:30:00,106.83,,
2019-01-18 14:30:00,106.79999999999998,,
2019-01-18 15:30:00,106.79999999999998,,
2019-01-21 09:30:00,106.79999999999998,,
2019-01-21 10:30:00,106.79999999999998,,
2019-01-21 11:30:00,106.79999999999998,,
2019-01-21 12:30:00,106.79999999999998,,
2019-01-21 13:30:00,106.79999999999998,,
2019-01-21 14:30:00,106.79999999999998,,
2019-01-21 15:30:00,106.79999999999998,,
2019-01-22 09:30:00,106.33999999999999,,
2019-01-22 10:30:00,105.87000000000002,,
2019-01-22 11:30:00,105.84,,
2019-01-22 12:30:00,105.47,,
2019-01-22 13:30:00,105.25,,
2019-01-22 14:30:00,105.25,,
2019-01-22 15:30:00,105.20000000000002,,
2019-01-23 09:30:00,105.95000000000002,,
2019-01-23 10:30:00,105.76,,
2019-01-23 11:30:00,105.37999999999998,,
2019-01-23 12:30:00,105.08,,
2019-01-23 13:30:00,105.26,,
2019-01-23 14:30:00,105.49,,
2019-01-23 15:30:00,105.65000000000002,,
2019-01-24 09:30:00,105.54,,
2019-01-24 10:30:00,106.1,,
2019-01-24 11:30:00,105.8,,
2019-01-24 12:30:00,105.8,,
2019-01-24 13:30:00,105.45999999999998,,
2019-01-24 14:30:00,105.58000000000001,,
2019-01-24 15:30:00,105.82999999999998,,
2019-01-25 09:30:00,106.62000000000002,,
2019-01-25 10:30:00,107.13,,
2019-01-25 11:30:00,107.02999999999999,,
2019-01-25 12:30:00,107.3,,
2019-01-25 13:30:00,107.15000000000002,,
2019-01-25 14:30:00,106.97,,
2019-01-25 15:30:00,106.86000000000001,,
2019-01-28 09:30:00,105.92,,
2019-01-28 10:30:00,106.12999999999998,,
2019-01-28 11:30:00,106.09,,
2019-01-28 12:30:00,105.96999999999998,,
2019-01-28 13:30:00,106.08,,
2019-01-28 14:30:00,106.16,,
2019-01-28 15:30:00,106.38,,
2019-01-29 09:30:00,106.54000000000002,,
2019-01-29 10:30:00,106.85,,
2019-01-29 11:30:00,106.56000000000002,,
2019-01-29 12:30:00,106.67,,
2019-01-29 13:30:00,106.77,,
2019-01-29 14:30:00,106.77,,
2019-01-29 15:30:00,106.69,,
2019-01-30 09:30:00,107.19,,
2019-01-30 10:30:00,106.94000000000001,,
2019-01-30 11:30:00,107.24999999999999,,
2019-01-30 12:30:00,107.39000000000001,,
2019-01-30 13:30:00,107.27,,
2019-01-30 14:30:00,107.98000000000002,,
2019-01-30 15:30:00,107.88,,
2019-01-31 09:30:00,107.70999999999998,,
2019-01-31 10:30:00,108.31,,
2019-01-31 11:30:00,108.4,,
2019-01-31 12:30:00,108.41,,
2019-01-31 13:30:00,108.25,,
2019-01-31 14:30:00,108.33,,
2019-01-31 15:30:00,108.28999999999999,,
2019-02-01 09:30:00,108.76,,
2019-02-01 10:30:00,108.98999999999998,,
2019-02-01 11:30:00,108.88,,
2019-02-01 12:30:00,108.73000000000002,,
2019-02-01 13:30:00,108.8,,
2019-02-01 14:30:00,108.55,,
2019-02-01 15:30:00,108.55,,
2019-02-04 09:30:00,108.71,,
2019-02-04 10:30:00,108.36,,
2019-02-04 11:30:00,108.7,,
2019-02-04 12:30:00,108.86,,
2019-02-04 13:30:00,108.89999999999999,,
2019-02-04 14:30:00,109.1,,
2019-02-04 15:30:00,109.05000000000001,,
2019-02-05 09:30:00,109.42000000000002,,
2019-02-05 10:30:00,109.42000000000002,,
2019-02-05 11:30:00,109.46,,
2019-02-05 12:30:00,109.33,,
2019-02-05 13:30:00,109.3,,
2019-02-05 14:30:00,109.55,,
2019-02-05 15:30:00,109.67,,
2019-02-06 09:30:00,109.46,,
2019-02-06 10:30:00,109.46,,
2019-02-06 11:30:00,109.64999999999999,,
2019-02-06 12:30:00,109.64000000000001,,
2019-02-06 13:30:00,109.71,,
2019-02-06 14:30:00,109.59,,
2019-02-06 15:30:00,109.66000000000001,,
2019-02-07 09:30:00,108.98999999999998,,
2019-02-07 10:30:00,109.18000000000002,,
2019-02-07 11:30:00,108.12,,
2019-02-07 12:30:00,108.13,,
2019-02-07 13:30:00,108.28,,
2019-02-07 14:30:00,108.36,,
2019-02-07 15:30:00,108.33,,
2019-02-08 09:30:00,108.17,,
2019-02-08 10:30:00,107.79,,
2019-02-08 11:30:00,107.64,,
2019-02-08 12:30:00,107.77999999999999,,
2019-02-08 13:30:00,107.96,,
2019-02-08 14:30:00,108.2,,
2019-02-08 15:30:00,108.2,,
2019-02-11 09:30:00,108.66,,
2019-02-11 10:30:00,108.31999999999998,,
2019-02-11 11:30:00,108.36,,
2019-02-11 12:30:00,108.54,,
2019-02-11 13:30:00,108.44000000000001,,
2019-02-11 14:30:00,108.38000000000001,,
2019-02-11 15:30:00,108.47,,
2019-02-12 09:30:00,109.18000000000002,,
2019-02-12 10:30:00,109.43,,
2019-02-12 11:30:00,109.7,,
2019-02-12 12:30:00,109.7,,
2019-02-12 13:30:00,109.7,,
2019-02-12 14:30:00,109.93000000000002,,
2019-02-12 15:30:00,109.98,,
2019-02-13 09:30:00,110.24,,
2019-02-13 10:30:00,110.5,,
2019-02-13 11:30:00,110.17999999999999,,
2019-02-13 12:30:00,110.15,,
2019-02-13 13:30:00,110.3,,
2019-02-13 14:30:00,110.33000000000001,,
2019-02-13 15:30:00,110.59,,
2019-02-14 09:30:00,109.63,,
2019-02-14 10:30:00,109.91,,
2019-02-14 11:30:00,109.91,,
2019-02-14 12:30:00,110.23,,
2019-02-14 13:30:00,110.26999999999998,,
2019-02-14 14:30:00,110.23,,
2019-02-14 15:30:00,110.12999999999998,,
2019-02-15 09:30:00,110.71000000000001,,
2019-02-15 10:30:00,111.04,,
2019-02-15 11:30:00,111.00999999999999,,
2019-02-15 12:30:00,111.00999999999999,,
2019-02-15 13:30:00,110.94000000000001,,
2019-02-15 14:30:00,110.94000000000001,,
2019-02-15 15:30:00,110.99,,
2019-02-18 09:30:00,110.99,,
2019-02-18 10:30:00,110.99,,
2019-02-18 11:30:00,110.99,,
2019-02-18 12:30:00,110.99,,
2019-02-18 13:30:00,110.99,,
2019-02-18 14:30:00,110.99,,
2019-02-18 15:30:00,110.99,,
2019-02-19 09:30:00,110.98,,
2019-02-19 10:30:00,111.26,,
2019-02-19 11:30:00,111.3,,
2019-02-19 12:30:00,111.58,,
2019-02-19 13:30:00,111.56,,
2019-02-19 14:30:00,111.77000000000001,,
2019-02-19 15:30:00,111.79,,
2019-02-20 09:30:00,111.52,,
2019-02-20 10:30:00,111.74,,
2019-02-20 11:30:00,111.73,,
2019-02-20 12:30:00,111.67,,
2019-02-20 13:30:00,111.67,,
2019-02-20 14:30:00,111.78,,
2019-02-20 15:30:00,111.95,,
2019-02-21 09:30:00,111.67999999999999,,
2019-02-21 10:30:00,111.46,,
2019-02-21 11:30:00,111.32999999999998,,
2019-02-21 12:30:00,111.32999999999998,,
2019-02-21 13:30:00,111.32999999999998,,
2019-02-21 14:30:00,111.29000000000002,,
2019-02-21 15:30:00,111.08999999999999,,
2019-02-22 09:30:00,111.66,,
2019-02-22 10:30:00,111.53999999999999,,
2019-02-22 11:30:00,111.77000000000001,,
2019-02-22 12:30:00,111.70999999999998,,
2019-02-22 13:30:00,111.66,,
2019-02-22 14:30:00,111.62,,
2019-02-22 15:30:00,111.65,,
2019-02-25 09:30:00,112.33,,
2019-02-25 10:30:00,112.44000000000001,,
2019-02-25 11:30:00,112.54,,
2019-02-25 12:30:00,112.5,,
2019-02-25 13:30:00,112.31999999999998,,
2019-02-25 14:30:00,112.28999999999999,,
2019-02-25 15:30:00,112.02,,
2019-02-26 09:30:00,111.83999999999999,,
2019-02-26 10:30:00,111.96,,
2019-02-26 11:30:00,112.11,,
2019-02-26 12:30:00,112.01,,
2019-02-26 13:30:00,111.85000000000001,,
2019-02-26 14:30:00,111.86,,
2019-02-26 15:30:00,111.98000000000002,,
2019-02-27 09:30:00,111.57,,
2019-02-27 10:30:00,111.21,,
2019-02-27 11:30:00,111.4,,
2019-02-27 12:30:00,111.53000000000002,,
2019-02-27 13:30:00,111.67999999999999,,
2019-02-27 14:30:00,111.62,,
2019-02-27 15:30:00,111.51,,
2019-02-28 09:30:00,111.48,,
2019-02-28 10:30:00,111.13,,
2019-02-28 11:30:00,111.15000000000002,,
2019-02-28 12:30:00,111.24000000000001,,
2019-02-28 13:30:00,111.16000000000001,,
2019-02-28 14:30:00,111.18,,
2019-02-28 15:30:00,111.09999999999998,,
2019-03-01 09:30:00,111.67,,
2019-03-01 10:30:00,111.44,,
2019-03-01 11:30:00,111.27,,
2019-03-01 12:30:00,111.28,,
2019-03-01 13:30:00,111.30999999999999,,
2019-03-01 14:30:00,111.5,,
2019-03-01 15:30:00,111.46999999999998,,
2019-03-04 09:30:00,112.04000000000002,,
2019-03-04 10:30:00,112.11,,
2019-03-04 11:30:00,111.30999999999999,,
2019-03-04 12:30:00,110.53,,
2019-03-04 13:30:00,110.55,,
2019-03-04 14:30:00,110.9,,
2019-03-04 15:30:00,110.82,,
2019-03-05 09:30:00,111.05,,
2019-03-05 10:30:00,110.70000000000002,,
2019-03-05 11:30:00,110.92000000000002,,
2019-03-05 12:30:00,110.92000000000002,,
2019-03-05 13:30:00,110.82,,
2019-03-05 14:30:00,111.05,,
2019-03-05 15:30:00,110.94000000000001,,
2019-03-06 09:30:00,110.71000000000001,,
2019-03-06 10:30:00,110.53,,
2019-03-06 11:30:00,110.53,,
2019-03-06 12:30:00,110.24,,
2019-03-06 13:30:00,110.15,,
2019-03-06 14:30:00,110.32,,
2019-03-06 15:30:00,110.09000000000002,,
2019-03-07 09:30:00,109.88000000000001,,
2019-03-07 10:30:00,109.19,,
2019-03-07 11:30:00,109.35999999999999,,
2019-03-07 12:30:00,109.32,,
2019-03-07 13:30:00,109.56,,
2019-03-07 14:30:00,109.31,,
2019-03-07 15:30:00,109.05000000000001,,
2019-03-08 09:30:00,108.36,,
2019-03-08 10:30:00,108.68,,
2019-03-08 11:30:00,108.84999999999998,,
2019-03-08 12:30:00,108.75000000000001,,
2019-03-08 13:30:00,108.58,,
2019-03-08 14:30:00,108.8,,
2019-03-08 15:30:00,108.78,,
2019-03-11 09:30:00,109.55,,
2019-03-11 10:30:00,110.14,,
2019-03-11 11:30:00,110.44,,
2019-03-11 12:30:00,110.44,,
2019-03-11 13:30:00,110.70000000000002,,
2019-03-11 14:30:00,110.65,,
2019-03-11 15:30:00,110.66,,
2019-03-12 09:30:00,110.97,,
2019-03-12 10:30:00,111.43,,
2019-03-12 11:30:00,111.16000000000001,,
2019-03-12 12:30:00,111.24000000000001,,
2019-03-12 13:30:00,111.21,,
2019-03-12 14:30:00,111.2,,
2019-03-12 15:30:00,111.06,,
2019-03-13 09:30:00,111.5,,
2019-03-13 10:30:00,111.5,,
2019-03-13 11:30:00,112.09,,
2019-03-13 12:30:00,111.93,,
2019-03-13 13:30:00,112.03,,
2019-03-13 14:30:00,112.13,,
2019-03-13 15:30:00,111.83999999999999,,
2019-03-14 09:30:00,111.88,,
2019-03-14 10:30:00,111.87,,
2019-03-14 11:30:00,111.96,,
2019-03-14 12:30:00,112.05,,
2019-03-14 13:30:00,112.05,,
2019-03-14 14:30:00,111.91999999999999,,
2019-03-14 15:30:00,111.97,,
2019-03-15 09:30:00,112.17,,
2019-03-15 10:30:00,112.17,,
2019-03-15 11:30:00,112.29999999999998,,
2019-03-15 12:30:00,112.58,,
2019-03-15 13:30:00,112.57,,
2019-03-15 14:30:00,112.41,,
2019-03-15 15:30:00,112.42,,
2019-03-18 09:30:00,112.5,,
2019-03-18 10:30:00,112.98999999999998,,
2019-03-18 11:30:00,112.79,,
2019-03-18 12:30:00,112.85,,
2019-03-18 13:30:00,112.98,,
2019-03-18 14:30:00,112.98,,
2019-03-18 15:30:00,112.96,,
2019-03-19 09:30:00,113.55,,
2019-03-19 10:30:00,113.56000000000002,,
2019-03-19 11:30:00,113.46,,
2019-03-19 12:30:00,113.77,,
2019-03-19 13:30:00,113.43999999999998,,
2019-03-19 14:30:00,113.23,,
2019-03-19 15:30:00,112.77,,
2019-03-20 09:30:00,112.58999999999999,,
2019-03-20 10:30:00,112.28999999999999,,
2019-03-20 11:30:00,112.29999999999998,,
2019-03-20 12:30:00,112.06000000000002,,
2019-03-20 13:30:00,112.01,,
2019-03-20 14:30:00,112.65000000000002,,
2019-03-20 15:30:00,112.44000000000001,,
2019-03-21 09:30:00,111.70999999999998,,
2019-03-21 10:30:00,112.42,,
2019-03-21 11:30:00,112.66999999999999,,
2019-03-21 12:30:00,112.74000000000001,,
2019-03-21 13:30:00,112.74000000000001,,
2019-03-21 14:30:00,113.26000000000002,,
2019-03-21 15:30:00,113.18000000000002,,
2019-03-22 09:30:00,112.54,,
2019-03-22 10:30:00,111.99000000000001,,
2019-03-22 11:30:00,111.59,,
2019-03-22 12:30:00,111.04,,
2019-03-22 13:30:00,111.21,,
2019-03-22 14:30:00,111.51,,
2019-03-22 15:30:00,111.22,,
2019-03-25 09:30:00,110.77,,
2019-03-25 10:30:00,110.38,,
2019-03-25 11:30:00,111.08000000000001,,
2019-03-25 12:30:00,110.70000000000002,,
2019-03-25 13:30:00,110.55999999999999,,
2019-03-25 14:30:00,110.15,,
2019-03-25 15:30:00,110.51,,
2019-03-26 09:30:00,111.38,,
2019-03-26 10:30:00,111.64,,
2019-03-26 11:30:00,111.56,,
2019-03-26 12:30:00,111.22999999999999,,
2019-03-26 13:30:00,111.22999999999999,,
2019-03-26 14:30:00,110.85,,
2019-03-26 15:30:00,110.87,,
2019-03-27 09:30:00,111.43,,
2019-03-27 10:30:00,111.6,,
2019-03-27 11:30:00,110.68,,
2019-03-27 12:30:00,110.79,,
2019-03-27 13:30:00,111.06,,
2019-03-27 14:30:00,111.18,,
2019-03-27 15:30:00,111.2,,
2019-03-28 09:30:00,111.32000000000001,,
2019-03-28 10:30:00,111.46,,
2019-03-28 11:30:00,110.87,,
2019-03-28 12:30:00,110.87,,
2019-03-28 13:30:00,110.87,,
2019-03-28 14:30:00,111.16000000000001,,
2019-03-28 15:30:00,111.32000000000001,,
2019-03-29 09:30:00,111.99999999999999,,
2019-03-29 10:30:00,111.89,,
2019-03-29 11:30:00,111.74,,
2019-03-29 12:30:00,111.72,,
2019-03-29 13:30:00,111.78,,
2019-03-29 14:30:00,111.89,,
2019-03-29 15:30:00,111.91000000000001,,
2019-04-01 09:30:00,112.88,,
2019-04-01 10:30:00,113.16,,
2019-04-01 11:30:00,113.11999999999999,,
2019-04-01 12:30:00,113.22,,
2019-04-01 13:30:00,113.25,,
2019-04-01 14:30:00,113.40000000000002,,
2019-04-01 15:30:00,113.47,,
2019-04-02 09:30:00,113.52,,
2019-04-02 10:30:00,113.57999999999998,,
2019-04-02 11:30:00,113.45,,
2019-04-02 12:30:00,113.37,,
2019-04-02 13:30:00,113.43,,
2019-04-02 14:30:00,113.47,,
2019-04-02 15:30:00,113.49,,
2019-04-03 09:30:00,114.02999999999999,,
2019-04-03 10:30:00,113.91,,
2019-04-03 11:30:00,114.07,,
2019-04-03 12:30:00,114.09000000000002,,
2019-04-03 13:30:00,114.01000000000002,,
2019-04-03 14:30:00,113.80000000000001,,
2019-04-03 15:30:00,113.61,,
2019-04-04 09:30:00,113.88000000000001,,
2019-04-04 10:30:00,113.99,,
2019-04-04 11:30:00,114.18999999999998,,
2019-04-04 12:30:00,114.0,,
2019-04-04 13:30:00,114.13,,
2019-04-04 14:30:00,114.21,,
2019-04-04 15:30:00,114.31000000000002,,
2019-04-05 09:30:00,114.63000000000001,,
2019-04-05 10:30:00,114.63000000000001,,
2019-04-05 11:30:00,114.77,,
2019-04-05 12:30:00,114.83,,
2019-04-05 13:30:00,114.8,,
2019-04-05 14:30:00,114.79,,
2019-04-05 15:30:00,114.95,,
2019-04-08 09:30:00,114.71000000000001,,
2019-04-08 10:30:00,114.84000000000002,,
2019-04-08 11:30:00,114.9,,
2019-04-08 12:30:00,114.85,,
2019-04-08 13:30:00,114.88,,
2019-04-08 14:30:00,114.98,,
2019-04-08 15:30:00,115.01,,
2019-04-09 09:30:00,114.69,,
2019-04-09 10:30:00,114.5,,
2019-04-09 11:30:00,114.52,,
2019-04-09 12:30:00,114.69999999999999,,
2019-04-09 13:30:00,114.69999999999999,,
2019-04-09 14:30:00,114.34,,
2019-04-09 15:30:00,114.23000000000002,,
2019-04-10 09:30:00,114.56999999999998,,
2019-04-10 10:30:00,114.24,,
2019-04-10 11:30:00,114.42,,
2019-04-10 12:30:00,114.51,,
2019-04-10 13:30:00,114.52,,
2019-04-10 14:30:00,114.52,,
2019-04-10 15:30:00,114.69,,
2019-04-11 09:30:00,114.89,,
2019-04-11 10:30:00,115.06,,
2019-04-11 11:30:00,114.91,,
2019-04-11 12:30:00,114.91,,
2019-04-11 13:30:00,114.91,,
2019-04-11 14:30:00,114.59,,
2019-04-11 15:30:00,114.71000000000001,,
2019-04-12 09:30:00,115.46000000000001,,
2019-04-12 10:30:00,115.52,,
2019-04-12 11:30:00,115.52,,
2019-04-12 12:30:00,115.38999999999999,,
2019-04-12 13:30:00,115.38999999999999,,
2019-04-12 14:30:00,115.52,,
2019-04-12 15:30:00,115.46000000000001,,
2019-04-15 09:30:00,115.60999999999999,,
2019-04-15 10:30:00,115.43000000000002,,
2019-04-15 11:30:00,115.35,,
2019-04-15 12:30:00,115.35,,
2019-04-15 13:30:00,115.45000000000002,,
2019-04-15 14:30:00,115.41,,
2019-04-15 15:30:00,115.41,,
2019-04-16 09:30:00,115.66,,
2019-04-16 10:30:00,115.60999999999999,,
2019-04-16 11:30:00,115.54,,
2019-04-16 12:30:00,115.60999999999999,,
2019-04-16 13:30:00,115.60999999999999,,
2019-04-16 14:30:00,115.71,,
2019-04-16 15:30:00,115.8,,
2019-04-17 09:30:00,116.02,,
2019-04-17 10:30:00,115.82,,
2019-04-17 11:30:00,115.6,,
2019-04-17 12:30:00,115.6,,
2019-04-17 13:30:00,115.72,,
2019-04-17 14:30:00,115.6,,
2019-04-17 15:30:00,115.82,,
2019-04-18 09:30:00,115.78,,
2019-04-18 10:30:00,115.62999999999998,,
2019-04-18 11:30:00,115.64,,
2019-04-18 12:30:00,115.89999999999999,,
2019-04-18 13:30:00,115.93,,
2019-04-18 14:30:00,115.91000000000001,,
2019-04-18 15:30:00,115.91000000000001,,
2019-04-19 09:30:00,115.91000000000001,,
2019-04-19 10:30:00,115.91000000000001,,
2019-04-19 11:30:00,115.91000000000001,,
2019-04-19 12:30:00,115.91000000000001,,
2019-04-19 13:30:00,115.91000000000001,,
2019-04-19 14:30:00,115.91000000000001,,
2019-04-19 15:30:00,115.91000000000001,,
2019-04-22 09:30:00,115.52,,
2019-04-22 10:30:00,115.62,,
2019-04-22 11:30:00,115.71,,
2019-04-22 12:30:00,115.76999999999998,,
2019-04-22 13:30:00,115.71,,
2019-04-22 14:30:00,115.71,,
2019-04-22 15:30:00,115.67000000000002,,
2019-04-23 09:30:00,115.71,,
2019-04-23 10:30:00,115.89999999999999,,
2019-04-23 11:30:00,116.31,,
2019-04-23 12:30:00,116.31,,
2019-04-23 13:30:00,116.31,,
2019-04-23 14:30:00,116.31,,
2019-04-23 15:30:00,116.50000000000001,,
2019-04-24 09:30:00,116.31,,
2019-04-24 10:30:00,116.42999999999999,,
2019-04-24 11:30:00,116.41,,
2019-04-24 12:30:00,116.37999999999998,,
2019-04-24 13:30:00,116.37999999999998,,
2019-04-24 14:30:00,116.29999999999998,,
2019-04-24 15:30:00,116.45999999999998,,
2019-04-25 09:30:00,115.68999999999998,,
2019-04-25 10:30:00,115.22000000000001,,
2019-04-25 11:30:00,115.83999999999999,,
2019-04-25 12:30:00,115.87,,
2019-04-25 13:30:00,116.0,,
2019-04-25 14:30:00,116.0,,
2019-04-25 15:30:00,115.86,,
2019-04-26 09:30:00,115.49,,
2019-04-26 10:30:00,115.78,,
2019-04-26 11:30:00,115.78,,
2019-04-26 12:30:00,115.89,,
2019-04-26 13:30:00,115.89,,
2019-04-26 14:30:00,115.89,,
2019-04-26 15:30:00,115.97999999999999,,
2019-04-29 09:30:00,116.20000000000002,,
2019-04-29 10:30:00,116.48,,
2019-04-29 11:30:00,116.48,,
2019-04-29 12:30:00,116.77,,
2019-04-29 13:30:00,116.72,,
2019-04-29 14:30:00,116.72999999999999,,
2019-04-29 15:30:00,116.63,,
2019-04-30 09:30:00,116.54,,
2019-04-30 10:30:00,116.29,,
2019-04-30 11:30:00,116.13000000000001,,
2019-04-30 12:30:00,116.13000000000001,,
2019-04-30 13:30:00,116.36000000000001,,
2019-04-30 14:30:00,116.65000000000002,,
2019-04-30 15:30:00,116.55,,
2019-05-01 09:30:00,117.12,,
2019-05-01 10:30:00,117.08,,
2019-05-01 11:30:00,117.19000000000001,,
2019-05-01 12:30:00,117.19000000000001,,
2019-05-01 13:30:00,117.1,,
2019-05-01 14:30:00,117.1,,
2019-05-01 15:30:00,116.86,,
2019-05-02 09:30:00,116.11,,
2019-05-02 10:30:00,116.42000000000002,,
2019-05-02 11:30:00,115.67999999999999,,
2019-05-02 12:30:00,115.67000000000002,,
2019-05-02 13:30:00,115.94,,
2019-05-02 14:30:00,115.92,,
2019-05-02 15:30:00,115.89,,
2019-05-03 09:30:00,116.45,,
2019-05-03 10:30:00,116.37999999999998,,
2019-05-03 11:30:00,116.55,,
2019-05-03 12:30:00,116.82999999999998,,
2019-05-03 13:30:00,116.88999999999999,,
2019-05-03 14:30:00,116.88999999999999,,
2019-05-03 15:30:00,116.79000000000002,,
2019-05-06 09:30:00,114.93,,
2019-05-06 10:30:00,115.57,,
2019-05-06 11:30:00,115.94,,
2019-05-06 12:30:00,115.94,,
2019-05-06 13:30:00,115.83999999999999,,
2019-05-06 14:30:00,116.0,,
2019-05-06 15:30:00,116.39,,
2019-05-07 09:30:00,115.16000000000001,,
2019-05-07 10:30:00,114.98,,
2019-05-07 11:30:00,114.66,,
2019-05-07 12:30:00,114.77,,
2019-05-07 13:30:00,114.77,,
2019-05-07 14:30:00,113.86999999999999,,
2019-05-07 15:30:00,113.78,,
2019-05-08 09:30:00,114.10999999999999,,
2019-05-08 10:30:00,114.3,,
2019-05-08 11:30:00,114.51,,
2019-05-08 12:30:00,114.32,,
2019-05-08 13:30:00,114.48999999999998,,
2019-05-08 14:30:00,114.59,,
2019-05-08 15:30:00,114.69999999999999,,
2019-05-09 09:30:00,113.02,,
2019-05-09 10:30:00,112.48,,
2019-05-09 11:30:00,112.48,,
2019-05-09 12:30:00,113.23,,
2019-05-09 13:30:00,113.57999999999998,,
2019-05-09 14:30:00,113.88000000000001,,
2019-05-09 15:30:00,113.76,,
2019-05-10 09:30:00,113.40000000000002,,
2019-05-10 10:30:00,112.74000000000001,,
2019-05-10 11:30:00,112.15999999999998,,
2019-05-10 12:30:00,112.98999999999998,,
2019-05-10 13:30:00,113.45,,
2019-05-10 14:30:00,113.45,,
2019-05-10 15:30:00,114.38,,
2019-05-13 09:30:00,112.07000000000001,,
2019-05-13 10:30:00,112.07000000000001,,
2019-05-13 11:30:00,111.53999999999999,,
2019-05-13 12:30:00,111.16000000000001,,
2019-05-13 13:30:00,110.95999999999998,,
2019-05-13 14:30:00,111.49,,
2019-05-13 15:30:00,111.13,,
2019-05-14 09:30:00,111.58,,
2019-05-14 10:30:00,111.58,,
2019-05-14 11:30:00,112.5,,
2019-05-14 12:30:00,112.5,,
2019-05-14 13:30:00,112.9,,
2019-05-14 14:30:00,112.92,,
2019-05-14 15:30:00,112.68,,
2019-05-15 09:30:00,111.52,,
2019-05-15 10:30:00,112.27,,
2019-05-15 11:30:00,112.27,,
2019-05-15 12:30:00,112.27,,
2019-05-15 13:30:00,112.27,,
2019-05-15 14:30:00,112.27,,
2019-05-15 15:30:00,112.88,,
2019-05-16 09:30:00,112.92,,
2019-05-16 10:30:00,113.54,,
2019-05-16 11:30:00,113.73999999999998,,
2019-05-16 12:30:00,113.86,,
2019-05-16 13:30:00,113.65999999999998,,
2019-05-16 14:30:00,113.72000000000001,,
2019-05-16 15:30:00,113.27000000000001,,
2019-05-17 09:30:00,112.21999999999998,,
2019-05-17 10:30:00,112.94,,
2019-05-17 11:30:00,113.37,,
2019-05-17 12:30:00,113.37,,
2019-05-17 13:30:00,113.18000000000002,,
2019-05-17 14:30:00,113.11999999999999,,
2019-05-17 15:30:00,112.73000000000002,,
2019-05-20 09:30:00,111.98000000000002,,
2019-05-20 10:30:00,112.37999999999998,,
2019-05-20 11:30:00,112.31,,
2019-05-20 12:30:00,112.27,,
2019-05-20 13:30:00,112.20000000000002,,
2019-05-20 14:30:00,112.06000000000002,,
2019-05-20 15:30:00,111.88,,
2019-05-21 09:30:00,112.53,,
2019-05-21 10:30:00,112.53,,
2019-05-21 11:30:00,112.53,,
2019-05-21 12:30:00,113.08,,
2019-05-21 13:30:00,113.08,,
2019-05-21 14:30:00,113.24,,
2019-05-21 15:30:00,113.19000000000001,,
2019-05-22 09:30:00,112.64,,
2019-05-22 10:30:00,112.71,,
2019-05-22 11:30:00,112.7,,
2019-05-22 12:30:00,112.4,,
2019-05-22 13:30:00,112.34,,
2019-05-22 14:30:00,112.5,,
2019-05-22 15:30:00,112.5,,
2019-05-23 09:30:00,111.37000000000002,,
2019-05-23 10:30:00,110.89,,
2019-05-23 11:30:00,110.95999999999998,,
2019-05-23 12:30:00,110.78000000000002,,
2019-05-23 13:30:00,110.63999999999999,,
2019-05-23 14:30:00,110.55999999999999,,
2019-05-23 15:30:00,110.92000000000002,,
2019-05-24 09:30:00,111.53999999999999,,
2019-05-24 10:30:00,111.26,,
2019-05-24 11:30:00,111.26,,
2019-05-24 12:30:00,111.30999999999999,,
2019-05-24 13:30:00,111.32000000000001,,
2019-05-24 14:30:00,111.32000000000001,,
2019-05-24 15:30:00,111.41,,
2019-05-27 09:30:00,111.41,,
2019-05-27 10:30:00,111.41,,
2019-05-27 11:30:00,111.41,,
2019-05-27 12:30:00,111.41,,
2019-05-27 13:30:00,111.41,,
2019-05-27 14:30:00,111.41,,
2019-05-27 15:30:00,111.41,,
2019-05-28 09:30:00,111.38,,
2019-05-28 10:30:00,111.12,,
2019-05-28 11:30:00,110.83,,
2019-05-28 12:30:00,111.03,,
2019-05-28 13:30:00,111.03,,
2019-05-28 14:30:00,110.6,,
2019-05-28 15:30:00,110.3,,
2019-05-29 09:30:00,109.1,,
2019-05-29 10:30:00,109.57,,
2019-05-29 11:30:00,108.98999999999998,,
2019-05-29 12:30:00,108.97000000000001,,
2019-05-29 13:30:00,109.11999999999999,,
2019-05-29 14:30:00,109.05000000000001,,
2019-05-29 15:30:00,109.03999999999999,,
2019-05-30 09:30:00,109.51999999999998,,
2019-05-30 10:30:00,109.80999999999999,,
2019-05-30 11:30:00,109.34000000000002,,
2019-05-30 12:30:00,109.23,,
2019-05-30 13:30:00,109.23,,
2019-05-30 14:30:00,108.97999999999999,,
2019-05-30 15:30:00,109.02,,
2019-05-31 09:30:00,108.18,,
2019-05-31 10:30:00,108.18,,
2019-05-31 11:30:00,108.51000000000002,,
2019-05-31 12:30:00,108.51000000000002,,
2019-05-31 13:30:00,108.51000000000002,,
2019-05-31 14:30:00,107.99999999999999,,
2019-05-31 15:30:00,107.93,,
2019-06-03 09:30:00,107.91,,
2019-06-03 10:30:00,108.76999999999998,,
2019-06-03 11:30:00,108.65000000000002,,
2019-06-03 12:30:00,108.07,,
2019-06-03 13:30:00,108.28,,
2019-06-03 14:30:00,108.65000000000002,,
2019-06-03 15:30:00,108.05,,
2019-06-04 09:30:00,109.59999999999998,,
2019-06-04 10:30:00,110.17999999999999,,
2019-06-04 11:30:00,110.5,,
2019-06-04 12:30:00,110.47999999999999,,
2019-06-04 13:30:00,110.6,,
2019-06-04 14:30:00,110.63999999999999,,
2019-06-04 15:30:00,110.89,,
2019-06-05 09:30:00,111.73,,
2019-06-05 10:30:00,111.06,,
2019-06-05 11:30:00,111.38,,
2019-06-05 12:30:00,111.41,,
2019-06-05 13:30:00,111.66,,
2019-06-05 14:30:00,111.65,,
2019-06-05 15:30:00,111.5,,
2019-06-06 09:30:00,111.83000000000001,,
2019-06-06 10:30:00,111.83000000000001,,
2019-06-06 11:30:00,112.07000000000001,,
2019-06-06 12:30:00,112.07000000000001,,
2019-06-06 13:30:00,112.14000000000001,,
2019-06-06 14:30:00,112.12000000000002,,
2019-06-06 15:30:00,112.56,,
2019-06-07 09:30:00,112.82000000000001,,
2019-06-07 10:30:00,112.82000000000001,,
2019-06-07 11:30:00,113.37,,
2019-06-07 12:30:00,113.46,,
2019-06-07 13:30:00,113.46,,
2019-06-07 14:30:00,113.45,,
2019-06-07 15:30:00,113.47,,
2019-06-10 09:30:00,113.85,,
2019-06-10 10:30:00,114.24,,
2019-06-10 11:30:00,114.24,,
2019-06-10 12:30:00,114.24,,
2019-06-10 13:30:00,114.22,,
2019-06-10 14:30:00,113.93000000000002,,
2019-06-10 15:30:00,113.88000000000001,,
2019-06-11 09:30:00,114.56999999999998,,
2019-06-11 10:30:00,114.51,,
2019-06-11 11:30:00,114.38,,
2019-06-11 12:30:00,114.38,,
2019-06-11 13:30:00,113.83,,
2019-06-11 14:30:00,114.05,,
2019-06-11 15:30:00,113.88000000000001,,
2019-06-12 09:30:00,113.91,,
2019-06-12 10:30:00,113.7,,
2019-06-12 11:30:00,113.64000000000001,,
2019-06-12 12:30:00,113.59,,
2019-06-12 13:30:00,113.59,,
2019-06-12 14:30:00,113.49999999999999,,
2019-06-12 15:30:00,113.49999999999999,,
2019-06-13 09:30:00,113.93000000000002,,
2019-06-13 10:30:00,114.17000000000002,,
2019-06-13 11:30:00,114.06,,
2019-06-13 12:30:00,114.08,,
2019-06-13 13:30:00,114.32,,
2019-06-13 14:30:00,114.18,,
2019-06-13 15:30:00,113.99,,
2019-06-14 09:30:00,114.06,,
2019-06-14 10:30:00,114.06,,
2019-06-14 11:30:00,113.88000000000001,,
2019-06-14 12:30:00,113.86,,
2019-06-14 13:30:00,113.86,,
2019-06-14 14:30:00,114.05,,
2019-06-14 15:30:00,114.29,,
2019-06-17 09:30:00,114.10999999999999,,
2019-06-17 10:30:00,114.10999999999999,,
2019-06-17 11:30:00,114.2,,
2019-06-17 12:30:00,114.08,,
2019-06-17 13:30:00,114.10999999999999,,
2019-06-17 14:30:00,114.15000000000002,,
2019-06-17 15:30:00,114.04,,
2019-06-18 09:30:00,114.44,,
2019-06-18 10:30:00,115.49,,
2019-06-18 11:30:00,115.34,,
2019-06-18 12:30:00,115.34,,
2019-06-18 13:30:00,115.09999999999998,,
2019-06-18 14:30:00,115.09999999999998,,
2019-06-18 15:30:00,115.19,,
2019-06-19 09:30:00,115.35,,
2019-06-19 10:30:00,115.30999999999999,,
2019-06-19 11:30:00,115.27,,
2019-06-19 12:30:00,115.21,,
2019-06-19 13:30:00,115.21,,
2019-06-19 14:30:00,115.27,,
2019-06-19 15:30:00,115.46999999999998,,
2019-06-20 09:30:00,116.29,,
2019-06-20 10:30:00,115.97999999999999,,
2019-06-20 11:30:00,115.83000000000001,,
2019-06-20 12:30:00,115.83000000000001,,
2019-06-20 13:30:00,116.03,,
2019-06-20 14:30:00,116.11,,
2019-06-20 15:30:00,116.24,,
2019-06-21 09:30:00,116.19,,
2019-06-21 10:30:00,116.33,,
2019-06-21 11:30:00,116.55,,
2019-06-21 12:30:00,116.39,,
2019-06-21 13:30:00,116.44000000000001,,
2019-06-21 14:30:00,116.44000000000001,,
2019-06-21 15:30:00,116.44000000000001,,
2019-06-24 09:30:00,116.17,,
2019-06-24 10:30:00,116.29,,
2019-06-24 11:30:00,116.20000000000002,,
2019-06-24 12:30:00,116.11,,
2019-06-24 13:30:00,116.05999999999999,,
2019-06-24 14:30:00,116.05999999999999,,
2019-06-24 15:30:00,115.93,,
2019-06-25 09:30:00,115.94,,
2019-06-25 10:30:00,115.68999999999998,,
2019-06-25 11:30:00,115.71,,
2019-06-25 12:30:00,115.74,,
2019-06-25 13:30:00,115.65,,
2019-06-25 14:30:00,115.65,,
2019-06-25 15:30:00,115.41,,
2019-06-26 09:30:00,115.51000000000002,,
2019-06-26 10:30:00,115.54999999999998,,
2019-06-26 11:30:00,115.54999999999998,,
2019-06-26 12:30:00,115.54999999999998,,
2019-06-26 13:30:00,115.38000000000001,,
2019-06-26 14:30:00,115.36,,
2019-06-26 15:30:00,115.30000000000001,,
2019-06-27 09:30:00,115.48,,
2019-06-27 10:30:00,115.48,,
2019-06-27 11:30:00,115.48,,
2019-06-27 12:30:00,115.74,,
2019-06-27 13:30:00,115.74,,
2019-06-27 14:30:00,115.87,,
2019-06-27 15:30:00,115.68999999999998,,
2019-06-28 09:30:00,116.18,,
2019-06-28 10:30:00,116.18,,
2019-06-28 11:30:00,116.18,,
2019-06-28 12:30:00,116.54,,
2019-06-28 13:30:00,116.54,,
2019-06-28 14:30:00,116.44000000000001,,
2019-06-28 15:30:00,116.26,,
2019-07-01 09:30:00,118.05,,
2019-07-01 10:30:00,117.67,,
2019-07-01 11:30:00,117.39,,
2019-07-01 12:30:00,117.32,,
2019-07-01 13:30:00,117.1,,
2019-07-01 14:30:00,116.94,,
2019-07-01 15:30:00,117.29,,
2019-07-02 09:30:00,117.41999999999999,,
2019-07-02 10:30:00,117.49999999999999,,
2019-07-02 11:30:00,117.28,,
2019-07-02 12:30:00,117.02,,
2019-07-02 13:30:00,117.19000000000001,,
2019-07-02 14:30:00,117.33000000000001,,
2019-07-02 15:30:00,117.28,,
2019-07-03 09:30:00,117.86999999999999,,
2019-07-03 10:30:00,117.97,,
2019-07-03 11:30:00,118.07,,
2019-07-03 12:30:00,118.31000000000002,,
2019-07-03 13:30:00,118.31000000000002,,
2019-07-03 14:30:00,118.31000000000002,,
2019-07-03 15:30:00,118.31000000000002,,
2019-07-04 09:30:00,118.31000000000002,,
2019-07-04 10:30:00,118.31000000000002,,
2019-07-04 11:30:00,118.31000000000002,,
2019-07-04 12:30:00,118.31000000000002,,
2019-07-04 13:30:00,118.31000000000002,,
2019-07-04 14:30:00,118.31000000000002,,
2019-07-04 15:30:00,118.31000000000002,,
2019-07-05 09:30:00,117.97,,
2019-07-05 10:30:00,117.63,,
2019-07-05 11:30:00,117.63,,
2019-07-05 12:30:00,118.07,,
2019-07-05 13:30:00,118.2,,
2019-07-05 14:30:00,118.27,,
2019-07-05 15:30:00,118.35,,
2019-07-08 09:30:00,117.71,,
2019-07-08 10:30:00,117.78000000000002,,
2019-07-08 11:30:00,117.71,,
2019-07-08 12:30:00,117.65999999999998,,
2019-07-08 13:30:00,117.67,,
2019-07-08 14:30:00,117.56000000000002,,
2019-07-08 15:30:00,117.71,,
2019-07-09 09:30:00,117.14,,
2019-07-09 10:30:00,117.40000000000002,,
2019-07-09 11:30:00,117.49999999999999,,
2019-07-09 12:30:00,117.49999999999999,,
2019-07-09 13:30:00,117.47,,
2019-07-09 14:30:00,117.47,,
2019-07-09 15:30:00,117.44,,
2019-07-10 09:30:00,118.02000000000001,,
2019-07-10 10:30:00,118.07,,
2019-07-10 11:30:00,117.78999999999999,,
2019-07-10 12:30:00,117.95999999999998,,
2019-07-10 13:30:00,118.08,,
2019-07-10 14:30:00,117.94999999999999,,
2019-07-10 15:30:00,117.89,,
2019-07-11 09:30:00,118.31000000000002,,
2019-07-11 10:30:00,118.05,,
2019-07-11 11:30:00,118.23000000000002,,
2019-07-11 12:30:00,118.23000000000002,,
2019-07-11 13:30:00,118.23000000000002,,
2019-07-11 14:30:00,118.05,,
2019-07-11 15:30:00,118.24000000000001,,
2019-07-12 09:30:00,118.66,,
2019-07-12 10:30:00,118.66,,
2019-07-12 11:30:00,118.91999999999999,,
2019-07-12 12:30:00,118.91999999999999,,
2019-07-12 13:30:00,118.98000000000002,,
2019-07-12 14:30:00,119.03,,
2019-07-12 15:30:00,119.14999999999999,,
2019-07-15 09:30:00,119.36,,
2019-07-15 10:30:00,119.2,,
2019-07-15 11:30:00,119.2,,
2019-07-15 12:30:00,119.2,,
2019-07-15 13:30:00,118.93999999999998,,
2019-07-15 14:30:00,119.07,,
2019-07-15 15:30:00,119.05,,
2019-07-16 09:30:00,118.97,,
2019-07-16 10:30:00,119.19,,
2019-07-16 11:30:00,119.04,,
2019-07-16 12:30:00,118.77000000000001,,
2019-07-16 13:30:00,118.77000000000001,,
2019-07-16 14:30:00,118.79,,
2019-07-16 15:30:00,118.89,,
2019-07-17 09:30:00,118.72,,
2019-07-17 10:30:00,118.32999999999998,,
2019-07-17 11:30:00,118.32999999999998,,
2019-07-17 12:30:00,118.32999999999998,,
2019-07-17 13:30:00,118.32000000000001,,
2019-07-17 14:30:00,118.22,,
2019-07-17 15:30:00,117.98,,
2019-07-18 09:30:00,117.70000000000002,,
2019-07-18 10:30:00,118.05,,
2019-07-18 11:30:00,117.79999999999998,,
2019-07-18 12:30:00,118.0,,
2019-07-18 13:30:00,118.0,,
2019-07-18 14:30:00,118.34,,
2019-07-18 15:30:00,118.34,,
2019-07-19 09:30:00,118.61000000000001,,
2019-07-19 10:30:00,118.56,,
2019-07-19 11:30:00,118.47000000000001,,
2019-07-19 12:30:00,118.47000000000001,,
2019-07-19 13:30:00,118.47000000000001,,
2019-07-19 14:30:00,118.3,,
2019-07-19 15:30:00,118.14,,
2019-07-22 09:30:00,117.92,,
2019-07-22 10:30:00,117.92,,
2019-07-22 11:30:00,117.77,,
2019-07-22 12:30:00,117.95999999999998,,
2019-07-22 13:30:00,117.99,,
2019-07-22 14:30:00,117.99,,
2019-07-22 15:30:00,118.03,,
2019-07-23 09:30:00,118.46,,
2019-07-23 10:30:00,118.42,,
2019-07-23 11:30:00,118.42,,
2019-07-23 12:30:00,118.58,,
2019-07-23 13:30:00,118.58,,
2019-07-23 14:30:00,118.91999999999999,,
2019-07-23 15:30:00,119.02,,
2019-07-24 09:30:00,118.81,,
2019-07-24 10:30:00,119.28999999999999,,
2019-07-24 11:30:00,119.22000000000001,,
2019-07-24 12:30:00,119.27,,
2019-07-24 13:30:00,119.44000000000001,,
2019-07-24 14:30:00,119.54,,
2019-07-24 15:30:00,119.67000000000002,,
2019-07-25 09:30:00,119.56,,
2019-07-25 10:30:00,119.51000000000002,,
2019-07-25 11:30:00,119.47,,
2019-07-25 12:30:00,119.47,,
2019-07-25 13:30:00,119.15999999999998,,
2019-07-25 14:30:00,119.22000000000001,,
2019-07-25 15:30:00,119.11,,
2019-07-26 09:30:00,119.21,,
2019-07-26 10:30:00,119.21,,
2019-07-26 11:30:00,119.21,,
2019-07-26 12:30:00,119.21,,
2019-07-26 13:30:00,119.64,,
2019-07-26 14:30:00,119.68,,
2019-07-26 15:30:00,119.84,,
2019-07-29 09:30:00,119.74,,
2019-07-29 10:30:00,119.71,,
2019-07-29 11:30:00,119.86,,
2019-07-29 12:30:00,119.86,,
2019-07-29 13:30:00,119.84,,
2019-07-29 14:30:00,119.78,,
2019-07-29 15:30:00,119.78,,
2019-07-30 09:30:00,119.05,,
2019-07-30 10:30:00,119.17,,
2019-07-30 11:30:00,119.34,,
2019-07-30 12:30:00,119.34,,
2019-07-30 13:30:00,119.35,,
2019-07-30 14:30:00,119.62,,
2019-07-30 15:30:00,119.49,,
2019-07-31 09:30:00,119.88,,
2019-07-31 10:30:00,119.63,,
2019-07-31 11:30:00,119.82999999999998,,
2019-07-31 12:30:00,119.87,,
2019-07-31 13:30:00,119.93,,
2019-07-31 14:30:00,119.60999999999999,,
2019-07-31 15:30:00,119.14999999999999,,
2019-08-01 09:30:00,118.52,,
2019-08-01 10:30:00,119.26,,
2019-08-01 11:30:00,119.51000000000002,,
2019-08-01 12:30:00,119.41,,
2019-08-01 13:30:00,118.6,,
2019-08-01 14:30:00,117.02,,
2019-08-01 15:30:00,117.16,,
2019-08-02 09:30:00,116.56,,
2019-08-02 10:30:00,115.94,,
2019-08-02 11:30:00,115.94,,
2019-08-02 12:30:00,116.13000000000001,,
2019-08-02 13:30:00,115.72,,
2019-08-02 14:30:00,115.72,,
2019-08-02 15:30:00,116.28000000000002,,
2019-08-05 09:30:00,114.32999999999998,,
2019-08-05 10:30:00,113.68,,
2019-08-05 11:30:00,113.73999999999998,,
2019-08-05 12:30:00,113.73999999999998,,
2019-08-05 13:30:00,113.02,,
2019-08-05 14:30:00,112.53,,
2019-08-05 15:30:00,112.44999999999999,,
2019-08-06 09:30:00,113.43,,
2019-08-06 10:30:00,113.43,,
2019-08-06 11:30:00,112.82000000000001,,
2019-08-06 12:30:00,112.82000000000001,,
2019-08-06 13:30:00,113.19000000000001,,
2019-08-06 14:30:00,113.75,,
2019-08-06 15:30:00,113.71,,
2019-08-07 09:30:00,112.49,,
2019-08-07 10:30:00,112.44000000000001,,
2019-08-07 11:30:00,112.76,,
2019-08-07 12:30:00,112.63,,
2019-08-07 13:30:00,113.17,,
2019-08-07 14:30:00,113.49999999999999,,
2019-08-07 15:30:00,114.10000000000001,,
2019-08-08 09:30:00,114.51,,
2019-08-08 10:30:00,114.51,,
2019-08-08 11:30:00,115.17,,
2019-08-08 12:30:00,115.60999999999999,,
2019-08-08 13:30:00,115.51000000000002,,
2019-08-08 14:30:00,115.60999999999999,,
2019-08-08 15:30:00,115.62,,
2019-08-09 09:30:00,115.48,,
2019-08-09 10:30:00,114.85,,
2019-08-09 11:30:00,114.55000000000001,,
2019-08-09 12:30:00,114.53,,
2019-08-09 13:30:00,115.37000000000002,,
2019-08-09 14:30:00,115.38999999999999,,
2019-08-09 15:30:00,115.54999999999998,,
2019-08-16 15:30:00,,113.86999999999999,114.20048
2019-08-19 09:30:00,,115.46999999999998,114.182846
2019-08-19 10:30:00,,115.46999999999998,114.89308
2019-08-19 11:30:00,,115.46999999999998,115.409225
2019-08-19 12:30:00,,115.46999999999998,115.52609
2019-08-19 13:30:00,,115.62,115.46932
2019-08-19 14:30:00,,115.5,115.6154
2019-08-19 15:30:00,,115.51000000000002,115.68948
2019-08-20 09:30:00,,115.08000000000001,115.66989
2019-08-20 10:30:00,,114.79,115.47075
2019-08-20 11:30:00,,115.07,115.23163
2019-08-20 12:30:00,,115.07,115.24379
2019-08-20 13:30:00,,114.92000000000002,115.32529
2019-08-20 14:30:00,,114.65,115.26505
2019-08-20 15:30:00,,114.68000000000002,115.06084
2019-08-21 09:30:00,,115.37000000000002,114.98094
2019-08-21 10:30:00,,115.12,115.291214
2019-08-21 11:30:00,,115.22999999999999,115.4093
2019-08-21 12:30:00,,115.22999999999999,115.39418
2019-08-21 13:30:00,,115.22999999999999,115.38251
2019-08-21 14:30:00,,115.22999999999999,115.43939
2019-08-21 15:30:00,,115.21,115.4569
2019-08-22 09:30:00,,115.57,115.4419
2019-08-22 10:30:00,,115.25,115.5868
2019-08-22 11:30:00,,115.09999999999998,115.57821
2019-08-22 12:30:00,,115.09999999999998,115.43765
2019-08-22 13:30:00,,115.51000000000002,115.35398
2019-08-22 14:30:00,,115.38000000000001,115.54636
2019-08-22 15:30:00,,115.46000000000001,115.63274
2019-08-23 09:30:00,,114.55999999999999,115.63033
2019-08-23 10:30:00,,114.84000000000002,115.242424
2019-08-23 11:30:00,,113.51,115.10239
2019-08-23 12:30:00,,113.11000000000001,114.56496
2019-08-23 13:30:00,,112.72,113.96314
2019-08-23 14:30:00,,112.90999999999998,113.512535
